-- MySQL dump 10.13  Distrib 8.0.40, for Win64 (x86_64)
--
-- Host: acela.proxy.rlwy.net    Database: railway
-- ------------------------------------------------------
-- Server version	9.4.0

/*!40101 SET @OLD_CHARACTER_SET_CLIENT=@@CHARACTER_SET_CLIENT */;
/*!40101 SET @OLD_CHARACTER_SET_RESULTS=@@CHARACTER_SET_RESULTS */;
/*!40101 SET @OLD_COLLATION_CONNECTION=@@COLLATION_CONNECTION */;
/*!50503 SET NAMES utf8 */;
/*!40103 SET @OLD_TIME_ZONE=@@TIME_ZONE */;
/*!40103 SET TIME_ZONE='+00:00' */;
/*!40014 SET @OLD_UNIQUE_CHECKS=@@UNIQUE_CHECKS, UNIQUE_CHECKS=0 */;
/*!40014 SET @OLD_FOREIGN_KEY_CHECKS=@@FOREIGN_KEY_CHECKS, FOREIGN_KEY_CHECKS=0 */;
/*!40101 SET @OLD_SQL_MODE=@@SQL_MODE, SQL_MODE='NO_AUTO_VALUE_ON_ZERO' */;
/*!40111 SET @OLD_SQL_NOTES=@@SQL_NOTES, SQL_NOTES=0 */;

--
-- Table structure for table `control_calculos`
--

DROP TABLE IF EXISTS `control_calculos`;
/*!40101 SET @saved_cs_client     = @@character_set_client */;
/*!50503 SET character_set_client = utf8mb4 */;
CREATE TABLE `control_calculos` (
  `id` int NOT NULL AUTO_INCREMENT,
  `fase` varchar(50) NOT NULL,
  `ejecutado` tinyint(1) NOT NULL DEFAULT '0',
  `fecha_ejecucion` datetime DEFAULT NULL,
  PRIMARY KEY (`id`),
  UNIQUE KEY `fase` (`fase`)
) ENGINE=InnoDB AUTO_INCREMENT=7 DEFAULT CHARSET=utf8mb4;
/*!40101 SET character_set_client = @saved_cs_client */;

--
-- Dumping data for table `control_calculos`
--

LOCK TABLES `control_calculos` WRITE;
/*!40000 ALTER TABLE `control_calculos` DISABLE KEYS */;
INSERT INTO `control_calculos` VALUES (1,'Dieciseisavos',1,'2026-07-01 14:05:40'),(2,'Octavos',1,'2026-07-06 11:59:43'),(3,'Cuartos',1,'2026-07-08 12:42:11'),(4,'Semifinal',1,'2026-07-14 10:09:20'),(5,'Tercer Puesto',1,'2026-07-15 16:29:16'),(6,'Final',1,'2026-07-15 16:29:52');
/*!40000 ALTER TABLE `control_calculos` ENABLE KEYS */;
UNLOCK TABLES;

--
-- Table structure for table `escenarios_terceros_fifa`
--

DROP TABLE IF EXISTS `escenarios_terceros_fifa`;
/*!40101 SET @saved_cs_client     = @@character_set_client */;
/*!50503 SET character_set_client = utf8mb4 */;
CREATE TABLE `escenarios_terceros_fifa` (
  `id` int NOT NULL AUTO_INCREMENT,
  `combinacion` varchar(50) NOT NULL,
  `posicion` varchar(20) NOT NULL,
  `grupo_tercero` char(1) NOT NULL,
  PRIMARY KEY (`id`)
) ENGINE=InnoDB DEFAULT CHARSET=utf8mb4;
/*!40101 SET character_set_client = @saved_cs_client */;

--
-- Dumping data for table `escenarios_terceros_fifa`
--

LOCK TABLES `escenarios_terceros_fifa` WRITE;
/*!40000 ALTER TABLE `escenarios_terceros_fifa` DISABLE KEYS */;
/*!40000 ALTER TABLE `escenarios_terceros_fifa` ENABLE KEYS */;
UNLOCK TABLES;

--
-- Table structure for table `grupos`
--

DROP TABLE IF EXISTS `grupos`;
/*!40101 SET @saved_cs_client     = @@character_set_client */;
/*!50503 SET character_set_client = utf8mb4 */;
CREATE TABLE `grupos` (
  `id` int NOT NULL AUTO_INCREMENT,
  `nombre` varchar(100) NOT NULL,
  `codigo` varchar(20) NOT NULL,
  PRIMARY KEY (`id`),
  UNIQUE KEY `codigo` (`codigo`)
) ENGINE=InnoDB AUTO_INCREMENT=3 DEFAULT CHARSET=utf8mb4;
/*!40101 SET character_set_client = @saved_cs_client */;

--
-- Dumping data for table `grupos`
--

LOCK TABLES `grupos` WRITE;
/*!40000 ALTER TABLE `grupos` DISABLE KEYS */;
INSERT INTO `grupos` VALUES (1,'Amigos Mundial','CERRADO'),(2,'Los Pro','Pollamundial2026');
/*!40000 ALTER TABLE `grupos` ENABLE KEYS */;
UNLOCK TABLES;

--
-- Table structure for table `llaves_fifa_2026`
--

DROP TABLE IF EXISTS `llaves_fifa_2026`;
/*!40101 SET @saved_cs_client     = @@character_set_client */;
/*!50503 SET character_set_client = utf8mb4 */;
CREATE TABLE `llaves_fifa_2026` (
  `id` int NOT NULL AUTO_INCREMENT,
  `ronda` varchar(50) NOT NULL,
  `numero_partido` int NOT NULL,
  `posicion_local` varchar(20) NOT NULL,
  `posicion_visitante` varchar(20) NOT NULL,
  `siguiente_partido` int DEFAULT NULL,
  `created_at` timestamp NULL DEFAULT CURRENT_TIMESTAMP,
  PRIMARY KEY (`id`)
) ENGINE=InnoDB DEFAULT CHARSET=utf8mb4;
/*!40101 SET character_set_client = @saved_cs_client */;

--
-- Dumping data for table `llaves_fifa_2026`
--

LOCK TABLES `llaves_fifa_2026` WRITE;
/*!40000 ALTER TABLE `llaves_fifa_2026` DISABLE KEYS */;
/*!40000 ALTER TABLE `llaves_fifa_2026` ENABLE KEYS */;
UNLOCK TABLES;

--
-- Table structure for table `partidos`
--

DROP TABLE IF EXISTS `partidos`;
/*!40101 SET @saved_cs_client     = @@character_set_client */;
/*!50503 SET character_set_client = utf8mb4 */;
CREATE TABLE `partidos` (
  `id` int NOT NULL AUTO_INCREMENT,
  `fase` varchar(50) DEFAULT NULL,
  `grupo` varchar(5) DEFAULT NULL,
  `numero_partido` int DEFAULT NULL,
  `equipo_local` varchar(100) DEFAULT NULL,
  `equipo_visitante` varchar(100) DEFAULT NULL,
  `goles_local` int DEFAULT NULL,
  `goles_visitante` int DEFAULT NULL,
  `fecha` datetime DEFAULT NULL,
  `finalizado` tinyint DEFAULT NULL,
  `ganador` varchar(100) DEFAULT NULL,
  PRIMARY KEY (`id`)
) ENGINE=InnoDB AUTO_INCREMENT=281 DEFAULT CHARSET=utf8mb4;
/*!40101 SET character_set_client = @saved_cs_client */;

--
-- Dumping data for table `partidos`
--

LOCK TABLES `partidos` WRITE;
/*!40000 ALTER TABLE `partidos` DISABLE KEYS */;
INSERT INTO `partidos` VALUES (1,'Grupos','A',1,'Mexico','Sudafrica',2,0,'2026-06-11 14:00:00',1,NULL),(2,'Grupos','A',2,'Corea del Sur','Republica Checa',2,1,'2026-06-11 21:00:00',1,NULL),(3,'Grupos','A',3,'Republica Checa','Sudafrica',1,1,'2026-06-18 11:00:00',1,NULL),(4,'Grupos','A',4,'Mexico','Corea del Sur',1,0,'2026-06-18 20:00:00',1,NULL),(5,'Grupos','A',5,'Republica Checa','Mexico',0,3,'2026-06-24 20:00:00',1,NULL),(6,'Grupos','A',6,'Sudafrica','Corea del Sur',1,0,'2026-06-24 20:00:00',1,NULL),(7,'Grupos','B',7,'Canada','Bosnia Y Herzegovina',1,1,'2026-06-12 14:00:00',1,NULL),(8,'Grupos','B',8,'Catar','Suiza',1,1,'2026-06-13 00:00:00',1,NULL),(9,'Grupos','B',9,'Suiza','Bosnia Y Herzegovina',4,1,'2026-06-18 14:00:00',1,NULL),(10,'Grupos','B',10,'Canada','Catar',6,0,'2026-06-18 17:00:00',1,NULL),(11,'Grupos','B',11,'Suiza','Canada',2,1,'2026-06-24 14:00:00',1,NULL),(12,'Grupos','B',12,'Bosnia Y Herzegovina','Catar',3,1,'2026-06-24 14:00:00',1,NULL),(13,'Grupos','C',13,'Brasil','Marruecos',1,1,'2026-06-13 17:00:00',1,NULL),(14,'Grupos','C',14,'Haiti','Escocia',0,1,'2026-06-13 17:00:00',1,NULL),(15,'Grupos','C',15,'Brasil','Haiti',3,0,'2026-06-19 19:30:00',1,NULL),(16,'Grupos','C',16,'Escocia','Marruecos',0,1,'2026-06-19 17:00:00',1,NULL),(17,'Grupos','C',17,'Escocia','Brasil',0,3,'2026-06-24 17:00:00',1,NULL),(18,'Grupos','C',18,'Marruecos','Haiti',4,2,'2026-06-24 17:00:00',1,NULL),(19,'Grupos','D',19,'Estados Unidos','Paraguay',4,1,'2026-06-12 00:00:00',1,NULL),(20,'Grupos','D',20,'Australia','Turquia',2,0,'2026-06-13 00:00:00',1,NULL),(21,'Grupos','D',21,'Turquia','Paraguay',0,1,'2026-06-19 22:00:00',1,NULL),(22,'Grupos','D',22,'Estados Unidos','Australia',2,0,'2026-06-19 14:00:00',1,NULL),(23,'Grupos','D',23,'Turquia','Estados Unidos',3,2,'2026-06-25 21:00:00',1,NULL),(24,'Grupos','D',24,'Paraguay','Australia',0,0,'2026-06-25 21:00:00',1,NULL),(25,'Grupos','E',25,'Alemania','Curazao',7,1,'2026-06-14 00:00:00',1,NULL),(26,'Grupos','E',26,'Costa de Marfil','Ecuador',1,0,'2026-06-14 00:00:00',1,NULL),(27,'Grupos','E',27,'Alemania','Costa de Marfil',2,1,'2026-06-20 15:00:00',1,NULL),(28,'Grupos','E',28,'Ecuador','Curazao',0,0,'2026-06-20 19:00:00',1,NULL),(29,'Grupos','E',29,'Ecuador','Alemania',2,1,'2026-06-25 15:00:00',1,NULL),(30,'Grupos','E',30,'Curazao','Costa de Marfil',0,2,'2026-06-25 15:00:00',1,NULL),(31,'Grupos','F',31,'Paises Bajos','Japon',2,2,'2026-06-14 00:00:00',1,NULL),(32,'Grupos','F',32,'Suecia','Tunez',5,1,'2026-06-14 00:00:00',1,NULL),(33,'Grupos','F',33,'Paises Bajos','Suecia',5,1,'2026-06-20 12:00:00',1,NULL),(34,'Grupos','F',34,'Tunez','Japon',0,4,'2026-06-20 23:00:00',1,NULL),(35,'Grupos','F',35,'Japon','Suecia',1,1,'2026-06-25 18:00:00',1,NULL),(36,'Grupos','F',36,'Tunez','Paises Bajos',1,3,'2026-06-25 18:00:00',1,NULL),(37,'Grupos','G',37,'Iran','Nueva Zelanda',2,2,'2026-06-15 00:00:00',1,NULL),(38,'Grupos','G',38,'Belgica','Egipto',1,1,'2026-06-15 00:00:00',1,NULL),(39,'Grupos','G',39,'Belgica','Iran',0,0,'2026-06-21 14:00:00',1,NULL),(40,'Grupos','G',40,'Nueva Zelanda','Egipto',1,3,'2026-06-21 20:00:00',1,NULL),(41,'Grupos','G',41,'Nueva Zelanda','Belgica',1,5,'2026-06-26 22:00:00',1,'Belgica'),(42,'Grupos','G',42,'Egipto','Iran',1,1,'2026-06-26 22:00:00',1,NULL),(43,'Grupos','H',43,'España','Cabo Verde',0,0,'2026-06-15 00:00:00',1,NULL),(44,'Grupos','H',44,'Arabia Saudita','Uruguay',1,1,'2026-06-15 00:00:00',1,NULL),(45,'Grupos','H',45,'España','Arabia Saudita',4,0,'2026-06-21 11:00:00',1,NULL),(46,'Grupos','H',46,'Uruguay','Cabo Verde',2,2,'2026-06-21 17:00:00',1,NULL),(47,'Grupos','H',47,'Uruguay','España',0,1,'2026-06-26 19:00:00',1,'España'),(48,'Grupos','H',48,'Cabo Verde','Arabia Saudita',0,0,'2026-06-26 19:00:00',1,NULL),(49,'Grupos','I',49,'Francia','Senegal',3,1,'2026-06-16 14:00:00',1,NULL),(50,'Grupos','I',50,'Irak','Noruega',1,4,'2026-06-16 17:00:00',1,NULL),(51,'Grupos','I',51,'Francia','Irak',3,0,'2026-06-22 16:00:00',1,NULL),(52,'Grupos','I',52,'Noruega','Senegal',3,2,'2026-06-22 19:00:00',1,NULL),(53,'Grupos','I',53,'Noruega','Francia',1,4,'2026-06-26 14:00:00',1,'Francia'),(54,'Grupos','I',54,'Senegal','Irak',5,0,'2026-06-26 14:00:00',1,'Senegal'),(55,'Grupos','J',55,'Argentina','Argelia',3,0,'2026-06-16 20:00:00',1,NULL),(56,'Grupos','J',56,'Austria','Jordania',3,1,'2026-06-16 23:00:00',1,NULL),(57,'Grupos','J',57,'Argentina','Austria',2,0,'2026-06-22 12:00:00',1,NULL),(58,'Grupos','J',58,'Jordania','Argelia',1,2,'2026-06-22 22:00:00',1,NULL),(59,'Grupos','J',59,'Jordania','Argentina',1,3,'2026-06-27 21:00:00',1,'Argentina'),(60,'Grupos','J',60,'Argelia','Austria',3,3,'2026-06-27 21:00:00',1,NULL),(61,'Grupos','K',61,'Portugal','Republica Democratica del Congo',1,1,'2026-06-17 12:00:00',1,NULL),(62,'Grupos','K',62,'Uzbekistan','Colombia',1,3,'2026-06-17 21:00:00',1,NULL),(63,'Grupos','K',63,'Portugal','Uzbekistan',5,0,'2026-06-23 12:00:00',1,NULL),(64,'Grupos','K',64,'Colombia','Republica Democratica del Congo',1,0,'2026-06-23 21:00:00',1,NULL),(65,'Grupos','K',65,'Colombia','Portugal',0,0,'2026-06-27 18:30:00',1,NULL),(66,'Grupos','K',66,'Republica Democratica del Congo','Uzbekistan',3,1,'2026-06-27 18:30:00',1,'Republica Democratica del Congo'),(67,'Grupos','L',67,'Inglaterra','Croacia',4,2,'2026-06-17 15:00:00',1,NULL),(68,'Grupos','L',68,'Ghana','Panama',1,0,'2026-06-17 18:00:00',1,NULL),(69,'Grupos','L',69,'Inglaterra','Ghana',0,0,'2026-06-23 15:00:00',1,NULL),(70,'Grupos','L',70,'Panama','Croacia',0,1,'2026-06-23 18:00:00',1,NULL),(71,'Grupos','L',71,'Panama','Inglaterra',0,2,'2026-06-27 16:00:00',1,'Inglaterra'),(72,'Grupos','L',72,'Croacia','Ghana',2,1,'2026-06-27 16:00:00',1,'Croacia'),(73,'Dieciseisavos','',73,'Sudafrica','Canada',0,1,'2026-06-28 14:00:00',1,'Canada'),(74,'Dieciseisavos','',74,'Alemania','Paraguay',1,1,'2026-06-29 15:30:00',1,'Paraguay'),(75,'Dieciseisavos','',75,'Paises Bajos','Marruecos',1,1,'2026-06-29 20:00:00',1,'Marruecos'),(76,'Dieciseisavos','',76,'Brasil','Japon',2,1,'2026-06-29 12:00:00',1,'Brasil'),(77,'Dieciseisavos','',77,'Francia','Suecia',3,0,'2026-06-30 16:00:00',1,'Francia'),(78,'Dieciseisavos','',78,'Costa de Marfil','Noruega',1,2,'2026-06-30 12:00:00',1,'Noruega'),(79,'Dieciseisavos','',79,'Mexico','Ecuador',2,0,'2026-06-30 20:00:00',1,'Mexico'),(80,'Dieciseisavos','',80,'Inglaterra','Republica Democratica del Congo',2,1,'2026-07-01 11:00:00',1,'Inglaterra'),(81,'Dieciseisavos','',81,'Estados Unidos','Bosnia Y Herzegovina',2,0,'2026-07-01 19:00:00',1,'Estados Unidos'),(82,'Dieciseisavos','',82,'Belgica','Senegal',3,2,'2026-07-01 15:00:00',1,'Belgica'),(83,'Dieciseisavos','',83,'Portugal','Croacia',2,1,'2026-07-02 18:00:00',1,'Portugal'),(84,'Dieciseisavos','',84,'España','Austria',3,0,'2026-07-02 14:00:00',1,'España'),(85,'Dieciseisavos','',85,'Suiza','Argelia',2,0,'2026-07-02 22:00:00',1,'Suiza'),(86,'Dieciseisavos','',86,'Argentina','Cabo Verde',3,2,'2026-07-03 15:00:00',1,'Argentina'),(87,'Dieciseisavos','',87,'Colombia','Ghana',1,0,'2026-07-03 22:30:00',1,'Colombia'),(88,'Dieciseisavos','',88,'Australia','Egipto',1,1,'2026-07-03 13:00:00',1,'Egipto'),(89,'Octavos','',89,'Canada','Marruecos',0,3,'2026-07-04 12:00:00',1,'Marruecos'),(90,'Octavos','',90,'Paraguay','Francia',0,1,'2026-07-04 16:00:00',1,'Francia'),(91,'Octavos','',91,'Brasil','Noruega',1,2,'2026-07-05 15:00:00',1,'Noruega'),(92,'Octavos','',92,'Mexico','Inglaterra',2,3,'2026-07-05 19:00:00',1,'Inglaterra'),(93,'Octavos','',93,'Portugal','España',0,1,'2026-07-06 14:00:00',1,'España'),(94,'Octavos','',94,'Estados Unidos','Belgica',1,4,'2026-07-06 19:00:00',1,'Belgica'),(95,'Octavos','',95,'Argentina','Egipto',3,2,'2026-07-07 11:00:00',1,'Argentina'),(96,'Octavos','',96,'Suiza','Colombia',0,0,'2026-07-07 15:00:00',1,'Suiza'),(97,'Cuartos','',97,'Francia','Marruecos',2,0,'2026-07-09 15:00:00',1,'Francia'),(98,'Cuartos','',98,'España','Belgica',2,1,'2026-07-10 14:00:00',1,'España'),(99,'Cuartos','',99,'Noruega','Inglaterra',1,2,'2026-07-11 16:00:00',1,'Inglaterra'),(100,'Cuartos','',100,'Argentina','Suiza',3,1,'2026-07-11 20:00:00',1,'Argentina'),(101,'Semifinal','',101,'Francia','España',0,2,'2026-07-14 14:00:00',1,'España'),(102,'Semifinal','',102,'Inglaterra','Argentina',1,2,'2026-07-15 14:00:00',1,'Argentina'),(103,'Tercer Puesto','',103,'Francia','Inglaterra',4,6,'2026-07-18 16:00:00',1,'Inglaterra'),(104,'Final','',104,'España','Argentina',1,0,'2026-07-19 14:00:00',1,'España');
/*!40000 ALTER TABLE `partidos` ENABLE KEYS */;
UNLOCK TABLES;

--
-- Table structure for table `partidos_eliminacion`
--

DROP TABLE IF EXISTS `partidos_eliminacion`;
/*!40101 SET @saved_cs_client     = @@character_set_client */;
/*!50503 SET character_set_client = utf8mb4 */;
CREATE TABLE `partidos_eliminacion` (
  `id` int NOT NULL AUTO_INCREMENT,
  `usuario_id` int NOT NULL,
  `fase` enum('Dieciseisavos','Octavos','Cuartos','Semifinal','Tercer Puesto','Final') NOT NULL,
  `numero_partido` int NOT NULL,
  `equipo_local` varchar(100) NOT NULL,
  `equipo_visitante` varchar(100) NOT NULL,
  `goles_local` int DEFAULT NULL,
  `goles_visitante` int DEFAULT NULL,
  `ganador` varchar(100) DEFAULT NULL,
  `perdedor` varchar(100) DEFAULT NULL,
  `partido_origen_local` int DEFAULT NULL,
  `partido_origen_visitante` int DEFAULT NULL,
  `fecha_registro` timestamp NULL DEFAULT NULL,
  `es_oficial` tinyint DEFAULT NULL,
  `puntos` int DEFAULT NULL,
  `puntos_clasificacion` int DEFAULT NULL,
  PRIMARY KEY (`id`),
  UNIQUE KEY `usuario_id` (`usuario_id`,`numero_partido`),
  CONSTRAINT `fk_pe_usuario` FOREIGN KEY (`usuario_id`) REFERENCES `usuarios` (`id`) ON DELETE CASCADE
) ENGINE=InnoDB AUTO_INCREMENT=895 DEFAULT CHARSET=utf8mb4;
/*!40101 SET character_set_client = @saved_cs_client */;

--
-- Dumping data for table `partidos_eliminacion`
--

LOCK TABLES `partidos_eliminacion` WRITE;
/*!40000 ALTER TABLE `partidos_eliminacion` DISABLE KEYS */;
INSERT INTO `partidos_eliminacion` VALUES (65,4,'Dieciseisavos',73,'Corea del Sur','Canada',1,2,'Canada',NULL,NULL,NULL,'2026-06-11 01:23:51',0,1,5),(66,4,'Dieciseisavos',74,'Alemania','Sudafrica',3,1,'Alemania',NULL,NULL,NULL,'2026-06-11 01:23:55',0,0,5),(67,4,'Dieciseisavos',75,'Paises Bajos','Marruecos',2,1,'Paises Bajos',NULL,NULL,NULL,'2026-06-11 01:24:04',0,0,10),(68,4,'Dieciseisavos',76,'Brasil','Tunez',1,0,'Brasil',NULL,NULL,NULL,'2026-06-11 01:24:16',0,1,5),(69,4,'Dieciseisavos',77,'Francia','Haiti',3,1,'Francia',NULL,NULL,NULL,'2026-06-11 01:24:21',0,1,5),(70,4,'Dieciseisavos',78,'Ecuador','Noruega',0,2,'Noruega',NULL,NULL,NULL,'2026-06-11 01:24:26',0,1,5),(71,4,'Dieciseisavos',79,'Mexico','Suecia',1,3,'Suecia',NULL,NULL,NULL,'2026-06-11 01:24:36',0,0,5),(72,4,'Dieciseisavos',80,'Croacia','Cabo Verde',3,1,'Croacia',NULL,NULL,NULL,'2026-06-11 01:24:42',0,1,0),(73,4,'Dieciseisavos',81,'Turquia','Bosnia Y Herzegovina',2,1,'Turquia',NULL,NULL,NULL,'2026-06-11 01:24:47',0,1,5),(74,4,'Dieciseisavos',82,'Belgica','Argelia',3,1,'Belgica',NULL,NULL,NULL,'2026-06-11 01:24:56',0,1,5),(75,4,'Dieciseisavos',83,'Colombia','Inglaterra',3,2,'Colombia',NULL,NULL,NULL,'2026-06-11 01:25:25',0,1,0),(76,4,'Dieciseisavos',84,'España','Austria',3,1,'España',NULL,NULL,NULL,'2026-06-11 01:25:31',0,1,10),(77,4,'Dieciseisavos',85,'Suiza','Iran',2,1,'Suiza',NULL,NULL,NULL,'2026-06-11 01:25:38',0,1,5),(78,4,'Dieciseisavos',86,'Argentina','Uruguay',3,1,'Argentina',NULL,NULL,NULL,'2026-06-11 01:25:52',0,1,5),(79,4,'Dieciseisavos',87,'Portugal','Australia',2,1,'Portugal',NULL,NULL,NULL,'2026-06-11 01:25:59',0,1,0),(80,4,'Dieciseisavos',88,'Paraguay','Nueva Zelanda',1,3,'Nueva Zelanda',NULL,NULL,NULL,'2026-06-11 01:26:03',0,0,0),(97,9,'Dieciseisavos',88,'Turquia','Egipto',2,1,'Turquia',NULL,NULL,NULL,'2026-06-12 17:09:56',0,0,5),(98,9,'Dieciseisavos',73,'Mexico','Suiza',1,2,'Suiza',NULL,NULL,NULL,'2026-06-12 17:10:27',0,1,0),(99,9,'Dieciseisavos',74,'Costa de Marfil','Republica Checa',2,0,'Costa de Marfil',NULL,NULL,NULL,'2026-06-12 17:10:31',0,0,0),(100,9,'Dieciseisavos',75,'Paises Bajos','Marruecos',2,1,'Paises Bajos',NULL,NULL,NULL,'2026-06-12 17:10:36',0,0,10),(101,9,'Dieciseisavos',76,'Brasil','Japon',2,1,'Brasil',NULL,NULL,NULL,'2026-06-12 17:10:40',0,3,10),(102,9,'Dieciseisavos',77,'Francia','Escocia',2,0,'Francia',NULL,NULL,NULL,'2026-06-12 17:10:44',0,1,5),(103,9,'Dieciseisavos',78,'Alemania','Noruega',1,2,'Noruega',NULL,NULL,NULL,'2026-06-12 17:10:48',0,3,5),(104,9,'Dieciseisavos',79,'Corea del Sur','Ecuador',1,2,'Ecuador',NULL,NULL,NULL,'2026-06-12 17:10:51',0,0,5),(105,9,'Dieciseisavos',80,'Inglaterra','Senegal',2,0,'Inglaterra',NULL,NULL,NULL,'2026-06-12 17:10:55',0,1,5),(106,9,'Dieciseisavos',81,'Estados Unidos','Bosnia Y Herzegovina',3,0,'Estados Unidos',NULL,NULL,NULL,'2026-06-12 17:10:59',0,1,10),(107,9,'Dieciseisavos',82,'Belgica','Austria',2,0,'Belgica',NULL,NULL,NULL,'2026-06-12 17:11:05',0,1,5),(108,9,'Dieciseisavos',83,'Colombia','Croacia',2,0,'Colombia',NULL,NULL,NULL,'2026-06-12 17:11:09',0,1,5),(109,9,'Dieciseisavos',84,'España','Argelia',3,1,'España',NULL,NULL,NULL,'2026-06-12 17:11:16',0,1,5),(110,9,'Dieciseisavos',85,'Canada','Suecia',2,1,'Canada',NULL,NULL,NULL,'2026-06-12 17:11:23',0,1,0),(111,9,'Dieciseisavos',86,'Argentina','Uruguay',2,0,'Argentina',NULL,NULL,NULL,'2026-06-12 17:11:26',0,1,5),(112,9,'Dieciseisavos',87,'Portugal','Paraguay',2,1,'Portugal',NULL,NULL,NULL,'2026-06-12 17:11:30',0,1,0),(113,9,'Octavos',96,'Canada','Portugal',0,2,'Portugal','Canada',NULL,NULL,'2026-06-12 17:13:42',0,0,0),(114,9,'Octavos',89,'Costa de Marfil','Francia',0,2,'Francia','Costa de Marfil',NULL,NULL,'2026-06-12 17:13:46',0,1,0),(115,9,'Octavos',90,'Suiza','Paises Bajos',0,2,'Paises Bajos','Suiza',NULL,NULL,'2026-06-12 17:13:51',0,1,0),(116,9,'Octavos',91,'Brasil','Noruega',2,1,'Brasil','Noruega',NULL,NULL,'2026-06-12 17:14:08',0,0,16),(117,9,'Octavos',92,'Ecuador','Inglaterra',0,1,'Inglaterra','Ecuador',NULL,NULL,'2026-06-12 17:14:12',0,1,8),(118,9,'Octavos',93,'Colombia','España',1,3,'España','Colombia',NULL,NULL,'2026-06-12 17:14:18',0,1,8),(119,9,'Octavos',94,'Estados Unidos','Belgica',0,2,'Belgica','Estados Unidos',NULL,NULL,'2026-06-12 17:14:27',0,1,16),(120,9,'Octavos',95,'Argentina','Turquia',2,0,'Argentina','Turquia',NULL,NULL,'2026-06-12 17:14:31',0,1,8),(121,9,'Cuartos',97,'Francia','Paises Bajos',2,1,'Francia','Paises Bajos',NULL,NULL,'2026-06-12 17:14:37',0,1,10),(122,9,'Cuartos',98,'España','Belgica',2,1,'España','Belgica',NULL,NULL,'2026-06-12 17:14:40',0,3,20),(123,9,'Cuartos',99,'Brasil','Inglaterra',2,1,'Brasil','Inglaterra',NULL,NULL,'2026-06-12 17:14:45',0,0,10),(124,9,'Cuartos',100,'Argentina','Portugal',1,2,'Portugal','Argentina',NULL,NULL,'2026-06-12 17:14:49',0,0,10),(125,9,'Semifinal',101,'Francia','España',2,1,'Francia','España',NULL,NULL,'2026-06-12 17:14:58',0,0,24),(126,9,'Semifinal',102,'Brasil','Portugal',1,2,'Portugal','Brasil',NULL,NULL,'2026-06-12 17:15:01',0,3,0),(127,9,'Tercer Puesto',103,'España','Brasil',2,1,'España','Brasil',NULL,NULL,'2026-06-12 17:15:08',0,0,0),(128,9,'Final',104,'Francia','Portugal',0,1,'Portugal','Francia',NULL,NULL,'2026-06-12 17:15:14',0,0,0),(241,25,'Dieciseisavos',73,'Corea del Sur','Canada',1,2,'Canada','Corea del Sur',NULL,NULL,'2026-06-26 15:40:34',0,1,5),(242,25,'Dieciseisavos',74,'Alemania','Republica Checa',3,0,'Alemania','Republica Checa',NULL,NULL,'2026-06-26 15:41:15',0,0,5),(243,25,'Dieciseisavos',75,'Paises Bajos','Marruecos',2,1,'Paises Bajos','Marruecos',NULL,NULL,'2026-06-26 15:41:24',0,0,10),(244,25,'Dieciseisavos',76,'Brasil','Suecia',2,0,'Brasil','Suecia',NULL,NULL,'2026-06-26 15:41:41',0,1,5),(245,25,'Dieciseisavos',77,'Francia','Escocia',3,1,'Francia','Escocia',NULL,NULL,'2026-06-26 15:41:48',0,1,5),(246,25,'Dieciseisavos',78,'Ecuador','Noruega',1,2,'Noruega','Ecuador',NULL,NULL,'2026-06-26 15:41:55',0,3,5),(247,25,'Dieciseisavos',79,'Mexico','Costa de Marfil',2,1,'Mexico','Costa de Marfil',NULL,NULL,'2026-06-26 15:42:01',0,1,5),(248,25,'Dieciseisavos',80,'Inglaterra','Senegal',2,1,'Inglaterra','Senegal',NULL,NULL,'2026-06-26 15:42:07',0,3,5),(249,25,'Dieciseisavos',81,'Turquia','Bosnia Y Herzegovina',1,1,'Turquia','Bosnia Y Herzegovina',NULL,NULL,'2026-06-26 15:42:15',0,0,5),(250,25,'Dieciseisavos',82,'Belgica','Argelia',2,0,'Belgica','Argelia',NULL,NULL,'2026-06-26 15:42:23',0,1,5),(251,25,'Dieciseisavos',83,'Colombia','Croacia',2,1,'Colombia','Croacia',NULL,NULL,'2026-06-26 15:42:30',0,3,5),(252,25,'Dieciseisavos',84,'España','Austria',2,0,'España','Austria',NULL,NULL,'2026-06-26 15:42:38',0,1,10),(253,25,'Dieciseisavos',85,'Suiza','Iran',1,0,'Suiza','Iran',NULL,NULL,'2026-06-26 15:42:46',0,1,5),(254,25,'Dieciseisavos',86,'Argentina','Uruguay',2,1,'Argentina','Uruguay',NULL,NULL,'2026-06-26 15:42:52',0,1,5),(255,25,'Dieciseisavos',87,'Portugal','Paraguay',2,0,'Portugal','Paraguay',NULL,NULL,'2026-06-26 15:43:00',0,1,0),(256,25,'Dieciseisavos',88,'Estados Unidos','Egipto',2,0,'Estados Unidos','Egipto',NULL,NULL,'2026-06-26 15:43:07',0,0,5),(257,15,'Dieciseisavos',73,'Corea del Sur','Suiza',1,2,'Suiza','Corea del Sur',NULL,NULL,'2026-06-26 19:10:51',0,1,0),(258,15,'Dieciseisavos',74,'Costa de Marfil','Sudafrica',2,0,'Costa de Marfil','Sudafrica',NULL,NULL,'2026-06-26 19:10:58',0,0,0),(259,15,'Dieciseisavos',75,'Paises Bajos','Marruecos',2,0,'Paises Bajos','Marruecos',NULL,NULL,'2026-06-26 19:11:05',0,0,10),(260,15,'Dieciseisavos',76,'Brasil','Japon',3,1,'Brasil','Japon',NULL,NULL,'2026-06-26 19:11:15',0,1,10),(261,15,'Dieciseisavos',77,'Francia','Escocia',4,0,'Francia','Escocia',NULL,NULL,'2026-06-26 19:11:27',0,1,5),(262,15,'Dieciseisavos',78,'Alemania','Senegal',3,2,'Alemania','Senegal',NULL,NULL,'2026-06-26 19:11:39',0,0,0),(263,15,'Dieciseisavos',79,'Mexico','Ecuador',1,3,'Ecuador','Mexico',NULL,NULL,'2026-06-26 19:11:48',0,0,10),(264,15,'Dieciseisavos',80,'Inglaterra','Noruega',3,2,'Inglaterra','Noruega',NULL,NULL,'2026-06-26 19:11:55',0,1,5),(265,15,'Dieciseisavos',81,'Paraguay','Catar',1,0,'Paraguay','Catar',NULL,NULL,'2026-06-26 19:12:08',0,1,0),(266,15,'Dieciseisavos',82,'Belgica','Republica Democratica del Congo',2,0,'Belgica','Republica Democratica del Congo',NULL,NULL,'2026-06-26 19:12:22',0,1,5),(267,15,'Dieciseisavos',83,'Colombia','Ghana',2,0,'Colombia','Ghana',NULL,NULL,'2026-06-26 19:12:30',0,1,0),(268,15,'Dieciseisavos',85,'Canada','Iran',1,0,'Canada','Iran',NULL,NULL,'2026-06-26 19:12:36',0,1,0),(269,15,'Dieciseisavos',84,'Uruguay','Jordania',1,0,'Uruguay','Jordania',NULL,NULL,'2026-06-26 19:12:46',0,1,0),(270,15,'Dieciseisavos',86,'Argentina','España',2,2,'Argentina','España',NULL,NULL,'2026-06-26 19:13:01',0,0,5),(271,15,'Dieciseisavos',87,'Portugal','Croacia',1,1,'Portugal','Croacia',NULL,NULL,'2026-06-26 19:13:09',0,0,0),(272,15,'Dieciseisavos',88,'Estados Unidos','Egipto',2,1,'Estados Unidos','Egipto',NULL,NULL,'2026-06-26 19:13:16',0,0,5),(273,15,'Octavos',89,'Costa de Marfil','Francia',1,3,'Francia','Costa de Marfil',NULL,NULL,'2026-06-26 19:13:39',0,1,0),(274,15,'Octavos',90,'Suiza','Paises Bajos',0,2,'Paises Bajos','Suiza',NULL,NULL,'2026-06-26 19:13:45',0,1,0),(275,15,'Octavos',91,'Brasil','Alemania',1,2,'Alemania','Brasil',NULL,NULL,'2026-06-26 19:13:57',0,3,8),(276,15,'Octavos',92,'Ecuador','Inglaterra',1,1,'Inglaterra','Ecuador',NULL,NULL,'2026-06-26 19:14:09',0,0,8),(277,15,'Octavos',93,'Colombia','Uruguay',2,0,'Colombia','Uruguay',NULL,NULL,'2026-06-26 19:14:17',0,0,0),(278,15,'Octavos',94,'Paraguay','Belgica',0,3,'Belgica','Paraguay',NULL,NULL,'2026-06-26 19:14:23',0,1,8),(279,15,'Octavos',95,'Argentina','Estados Unidos',3,0,'Argentina','Estados Unidos',NULL,NULL,'2026-06-26 19:14:27',0,1,8),(280,15,'Octavos',96,'Canada','Portugal',0,2,'Portugal','Canada',NULL,NULL,'2026-06-26 19:14:35',0,0,0),(281,15,'Cuartos',97,'Francia','Paises Bajos',2,0,'Francia','Paises Bajos',NULL,NULL,'2026-06-26 19:14:41',0,3,10),(282,15,'Cuartos',98,'Colombia','Belgica',2,1,'Colombia','Belgica',NULL,NULL,'2026-06-26 19:14:51',0,3,10),(283,15,'Cuartos',99,'Alemania','Inglaterra',1,3,'Inglaterra','Alemania',NULL,NULL,'2026-06-26 19:15:03',0,1,10),(284,15,'Cuartos',100,'Argentina','Portugal',1,2,'Portugal','Argentina',NULL,NULL,'2026-06-26 19:15:12',0,0,10),(285,15,'Semifinal',101,'Francia','Colombia',2,2,'Francia','Colombia',NULL,NULL,'2026-06-26 19:15:27',0,0,12),(286,15,'Semifinal',102,'Inglaterra','Portugal',0,2,'Portugal','Inglaterra',NULL,NULL,'2026-06-26 19:15:45',0,1,12),(287,15,'Tercer Puesto',103,'Colombia','Inglaterra',2,1,'Colombia','Inglaterra',NULL,NULL,'2026-06-26 19:15:52',0,0,13),(288,15,'Final',104,'Francia','Portugal',0,1,'Portugal','Francia',NULL,NULL,'2026-06-26 19:16:01',0,0,0),(289,28,'Dieciseisavos',73,'Corea del Sur','Bosnia Y Herzegovina',2,0,'Corea del Sur','Bosnia Y Herzegovina',NULL,NULL,'2026-06-26 15:58:04',0,0,0),(290,28,'Dieciseisavos',74,'Alemania','Canada',3,1,'Alemania','Canada',NULL,NULL,'2026-06-26 15:58:13',0,0,5),(291,28,'Dieciseisavos',75,'Paises Bajos','Marruecos',2,3,'Marruecos','Paises Bajos',NULL,NULL,'2026-06-26 15:58:35',0,0,10),(292,28,'Dieciseisavos',76,'Brasil','Japon',3,2,'Brasil','Japon',NULL,NULL,'2026-06-26 15:58:44',0,1,10),(293,28,'Dieciseisavos',77,'Francia','Escocia',3,1,'Francia','Escocia',NULL,NULL,'2026-06-26 15:58:53',0,1,5),(294,28,'Dieciseisavos',78,'Ecuador','Noruega',1,3,'Noruega','Ecuador',NULL,NULL,'2026-06-26 15:58:59',0,1,5),(295,28,'Dieciseisavos',79,'Mexico','Costa de Marfil',1,2,'Costa de Marfil','Mexico',NULL,NULL,'2026-06-26 15:59:14',0,0,5),(296,28,'Dieciseisavos',80,'Inglaterra','Senegal',1,1,'Inglaterra','Senegal',NULL,NULL,'2026-06-26 15:59:54',0,0,5),(297,28,'Dieciseisavos',81,'Estados Unidos','Tunez',2,0,'Estados Unidos','Tunez',NULL,NULL,'2026-06-26 16:00:01',0,3,5),(298,28,'Dieciseisavos',83,'Colombia','Ghana',2,1,'Colombia','Ghana',NULL,NULL,'2026-06-26 16:00:14',0,3,0),(299,28,'Dieciseisavos',84,'España','Austria',3,1,'España','Austria',NULL,NULL,'2026-06-26 16:00:28',0,1,10),(300,28,'Dieciseisavos',85,'Suiza','Iran',1,0,'Suiza','Iran',NULL,NULL,'2026-06-26 16:00:35',0,1,5),(301,28,'Dieciseisavos',86,'Argentina','Uruguay',2,1,'Argentina','Uruguay',NULL,NULL,'2026-06-26 16:00:42',0,1,5),(302,28,'Dieciseisavos',87,'Portugal','Paraguay',2,0,'Portugal','Paraguay',NULL,NULL,'2026-06-26 16:00:50',0,1,0),(303,28,'Dieciseisavos',88,'Turquia','Egipto',0,2,'Egipto','Turquia',NULL,NULL,'2026-06-26 16:00:57',0,0,5),(304,28,'Dieciseisavos',82,'Belgica','Croacia',2,1,'Belgica','Croacia',NULL,NULL,'2026-06-26 16:01:15',0,1,5),(305,13,'Dieciseisavos',73,'Mexico','Suiza',2,1,'Mexico','Suiza',NULL,NULL,'2026-06-28 06:45:13',0,0,0),(306,13,'Dieciseisavos',74,'Alemania','Republica Checa',4,0,'Alemania','Republica Checa',NULL,NULL,'2026-06-28 06:45:22',0,0,5),(307,13,'Dieciseisavos',75,'Paises Bajos','Marruecos',2,0,'Paises Bajos','Marruecos',NULL,NULL,'2026-06-28 06:45:40',0,0,10),(308,13,'Dieciseisavos',76,'Brasil','Japon',3,2,'Brasil','Japon',NULL,NULL,'2026-06-28 06:45:48',0,1,10),(309,13,'Dieciseisavos',77,'Francia','Escocia',4,1,'Francia','Escocia',NULL,NULL,'2026-06-28 06:45:54',0,1,5),(310,13,'Dieciseisavos',78,'Costa de Marfil','Senegal',2,1,'Costa de Marfil','Senegal',NULL,NULL,'2026-06-28 06:46:08',0,0,5),(311,13,'Dieciseisavos',79,'Sudafrica','Ecuador',0,1,'Ecuador','Sudafrica',NULL,NULL,'2026-06-28 06:46:21',0,0,5),(312,13,'Dieciseisavos',80,'Croacia','Noruega',1,0,'Croacia','Noruega',NULL,NULL,'2026-06-28 06:46:28',0,1,0),(313,13,'Dieciseisavos',81,'Paraguay','Catar',2,0,'Paraguay','Catar',NULL,NULL,'2026-06-28 06:47:22',0,3,0),(314,13,'Dieciseisavos',82,'Belgica','Ghana',1,0,'Belgica','Ghana',NULL,NULL,'2026-06-28 06:47:55',0,1,5),(315,13,'Dieciseisavos',83,'Colombia','Inglaterra',2,1,'Colombia','Inglaterra',NULL,NULL,'2026-06-28 06:48:01',0,3,0),(316,13,'Dieciseisavos',84,'España','Jordania',3,1,'España','Jordania',NULL,NULL,'2026-06-28 06:48:09',0,1,5),(317,13,'Dieciseisavos',85,'Canada','Iran',3,1,'Canada','Iran',NULL,NULL,'2026-06-28 06:48:27',0,1,0),(318,13,'Dieciseisavos',86,'Argentina','Uruguay',4,1,'Argentina','Uruguay',NULL,NULL,'2026-06-28 06:48:34',0,1,5),(319,13,'Dieciseisavos',87,'Portugal','Turquia',2,1,'Portugal','Turquia',NULL,NULL,'2026-06-28 06:48:40',0,1,0),(320,13,'Dieciseisavos',88,'Estados Unidos','Egipto',2,1,'Estados Unidos','Egipto',NULL,NULL,'2026-06-28 06:48:45',0,0,5),(321,13,'Octavos',89,'Alemania','Francia',2,3,'Francia','Alemania',NULL,NULL,'2026-06-28 06:48:58',0,1,0),(322,13,'Octavos',90,'Mexico','Paises Bajos',1,2,'Paises Bajos','Mexico',NULL,NULL,'2026-06-28 06:49:13',0,1,0),(323,13,'Octavos',91,'Brasil','Costa de Marfil',2,0,'Brasil','Costa de Marfil',NULL,NULL,'2026-06-28 06:49:18',0,0,8),(324,13,'Octavos',92,'Ecuador','Croacia',0,0,'Ecuador','Croacia',NULL,NULL,'2026-06-28 06:49:36',0,0,0),(325,13,'Octavos',93,'Colombia','España',3,2,'Colombia','España',NULL,NULL,'2026-06-28 06:49:43',0,0,8),(326,13,'Octavos',94,'Paraguay','Belgica',1,2,'Belgica','Paraguay',NULL,NULL,'2026-06-28 06:49:58',0,1,8),(327,13,'Octavos',95,'Argentina','Estados Unidos',3,1,'Argentina','Estados Unidos',NULL,NULL,'2026-06-28 06:50:05',0,1,8),(328,13,'Octavos',96,'Canada','Portugal',1,3,'Portugal','Canada',NULL,NULL,'2026-06-28 06:50:11',0,0,0),(329,13,'Cuartos',97,'Francia','Paises Bajos',3,1,'Francia','Paises Bajos',NULL,NULL,'2026-06-28 06:50:24',0,1,10),(330,13,'Cuartos',98,'Colombia','Belgica',2,1,'Colombia','Belgica',NULL,NULL,'2026-06-28 06:50:33',0,3,10),(331,13,'Cuartos',99,'Brasil','Ecuador',2,1,'Brasil','Ecuador',NULL,NULL,'2026-06-28 06:50:38',0,0,0),(332,13,'Cuartos',100,'Argentina','Portugal',3,1,'Argentina','Portugal',NULL,NULL,'2026-06-28 06:50:46',0,3,10),(333,13,'Semifinal',101,'Francia','Colombia',1,1,'Colombia','Francia',NULL,NULL,'2026-06-28 06:51:44',0,0,12),(334,13,'Semifinal',102,'Brasil','Argentina',1,3,'Argentina','Brasil',NULL,NULL,'2026-06-28 06:51:59',0,1,12),(335,13,'Tercer Puesto',103,'Francia','Brasil',4,2,'Francia','Brasil',NULL,NULL,'2026-06-28 06:52:17',0,0,13),(336,13,'Final',104,'Colombia','Argentina',0,2,'Argentina','Colombia',NULL,NULL,'2026-06-28 06:52:29',0,0,15),(337,17,'Dieciseisavos',73,'Corea del Sur','Suiza',1,2,'Suiza','Corea del Sur',NULL,NULL,'2026-06-28 07:37:08',0,1,0),(338,18,'Dieciseisavos',73,'Corea del Sur','Suiza',1,2,'Suiza','Corea del Sur',NULL,NULL,'2026-06-28 08:20:14',0,1,0),(339,5,'Dieciseisavos',73,'Sudafrica','Bosnia Y Herzegovina',2,1,'Sudafrica','Bosnia Y Herzegovina',NULL,NULL,'2026-06-28 08:21:56',0,0,5),(340,5,'Dieciseisavos',74,'Alemania','Canada',3,2,'Alemania','Canada',NULL,NULL,'2026-06-28 08:22:38',0,0,5),(341,5,'Dieciseisavos',75,'Paises Bajos','Marruecos',2,2,'Marruecos','Paises Bajos',NULL,NULL,'2026-06-28 08:23:56',0,0,10),(342,5,'Dieciseisavos',76,'Brasil','Japon',3,2,'Brasil','Japon',NULL,NULL,'2026-06-28 08:24:18',0,1,10),(343,5,'Dieciseisavos',77,'Noruega','Escocia',3,1,'Noruega','Escocia',NULL,NULL,'2026-06-28 08:24:38',0,1,0),(344,5,'Dieciseisavos',78,'Ecuador','Francia',0,3,'Francia','Ecuador',NULL,NULL,'2026-06-28 08:25:13',0,1,0),(345,5,'Dieciseisavos',79,'Mexico','Costa de Marfil',2,2,'Mexico','Costa de Marfil',NULL,NULL,'2026-06-28 08:25:35',0,0,5),(346,5,'Dieciseisavos',80,'Inglaterra','Arabia Saudita',3,1,'Inglaterra','Arabia Saudita',NULL,NULL,'2026-06-28 08:25:58',0,1,5),(347,5,'Dieciseisavos',81,'Turquia','Suecia',0,0,'Suecia','Turquia',NULL,NULL,'2026-06-28 08:26:38',0,0,0),(348,5,'Dieciseisavos',82,'Belgica','Senegal',2,2,'Senegal','Belgica',NULL,NULL,'2026-06-28 08:27:26',0,0,10),(349,5,'Dieciseisavos',83,'Portugal','Croacia',2,1,'Portugal','Croacia',NULL,NULL,'2026-06-28 08:27:47',0,3,10),(350,5,'Dieciseisavos',84,'España','Austria',3,1,'España','Austria',NULL,NULL,'2026-06-28 08:27:58',0,1,10),(351,5,'Dieciseisavos',85,'Suiza','Argelia',2,2,'Argelia','Suiza',NULL,NULL,'2026-06-28 08:28:56',0,0,10),(352,5,'Dieciseisavos',86,'Argentina','Uruguay',3,0,'Argentina','Uruguay',NULL,NULL,'2026-06-28 08:29:12',0,1,5),(353,5,'Dieciseisavos',87,'Colombia','Ghana',3,1,'Colombia','Ghana',NULL,NULL,'2026-06-28 08:29:39',0,1,10),(354,5,'Dieciseisavos',88,'Paraguay','Egipto',2,3,'Egipto','Paraguay',NULL,NULL,'2026-06-28 08:30:02',0,0,5),(355,16,'Dieciseisavos',74,'Alemania','Republica Checa',2,1,'Alemania','Republica Checa',NULL,NULL,'2026-06-28 08:33:30',0,0,5),(356,16,'Dieciseisavos',75,'Paises Bajos','Marruecos',3,1,'Paises Bajos','Marruecos',NULL,NULL,'2026-06-28 08:34:07',0,0,10),(357,16,'Dieciseisavos',76,'Brasil','Japon',1,1,'Brasil','Japon',NULL,NULL,'2026-06-28 08:34:25',0,0,10),(358,16,'Dieciseisavos',77,'Francia','Escocia',3,0,'Francia','Escocia',NULL,NULL,'2026-06-28 08:34:35',0,3,5),(359,16,'Dieciseisavos',78,'Ecuador','Noruega',1,2,'Noruega','Ecuador',NULL,NULL,'2026-06-28 08:34:49',0,3,5),(360,16,'Dieciseisavos',80,'Inglaterra','Argelia',2,0,'Inglaterra','Argelia',NULL,NULL,'2026-06-28 08:35:05',0,1,5),(361,16,'Dieciseisavos',87,'Portugal','Turquia',2,0,'Portugal','Turquia',NULL,NULL,'2026-06-28 08:36:27',0,1,0),(362,16,'Dieciseisavos',86,'Argentina','Uruguay',2,0,'Argentina','Uruguay',NULL,NULL,'2026-06-28 08:37:00',0,1,5),(363,16,'Dieciseisavos',84,'España','Austria',2,0,'España','Austria',NULL,NULL,'2026-06-28 08:38:02',0,1,10),(364,16,'Dieciseisavos',83,'Colombia','Croacia',1,0,'Colombia','Croacia',NULL,NULL,'2026-06-28 08:38:48',0,1,5),(365,16,'Dieciseisavos',88,'Estados Unidos','Egipto',2,1,'Estados Unidos','Egipto',NULL,NULL,'2026-06-28 08:39:40',0,0,5),(366,16,'Dieciseisavos',81,'Paraguay','Bosnia Y Herzegovina',1,1,'Paraguay','Bosnia Y Herzegovina',NULL,NULL,'2026-06-28 08:40:32',0,0,5),(367,16,'Dieciseisavos',79,'Corea del Sur','Costa de Marfil',1,1,'Costa de Marfil','Corea del Sur',NULL,NULL,'2026-06-28 08:41:47',0,0,0),(368,16,'Dieciseisavos',73,'Mexico','Suiza',1,2,'Suiza','Mexico',NULL,NULL,'2026-06-28 08:42:31',0,1,0),(369,16,'Dieciseisavos',85,'Canada','Ghana',2,0,'Canada','Ghana',NULL,NULL,'2026-06-28 08:46:29',0,3,0),(370,16,'Dieciseisavos',82,'Belgica','Republica Democratica del Congo',2,1,'Belgica','Republica Democratica del Congo',NULL,NULL,'2026-06-28 08:46:49',0,1,5),(371,16,'Octavos',89,'Alemania','Francia',0,2,'Francia','Alemania',NULL,NULL,'2026-06-28 08:47:28',0,1,0),(372,16,'Octavos',90,'Suiza','Paises Bajos',1,2,'Paises Bajos','Suiza',NULL,NULL,'2026-06-28 08:47:38',0,1,0),(373,16,'Octavos',91,'Brasil','Noruega',1,2,'Noruega','Brasil',NULL,NULL,'2026-06-28 08:47:44',0,3,16),(374,16,'Octavos',92,'Costa de Marfil','Inglaterra',1,3,'Inglaterra','Costa de Marfil',NULL,NULL,'2026-06-28 08:47:54',0,1,8),(375,16,'Octavos',93,'Colombia','España',1,1,'España','Colombia',NULL,NULL,'2026-06-28 08:48:06',0,0,8),(376,16,'Octavos',94,'Paraguay','Belgica',0,2,'Belgica','Paraguay',NULL,NULL,'2026-06-28 08:48:15',0,1,8),(377,16,'Octavos',95,'Argentina','Estados Unidos',3,1,'Argentina','Estados Unidos',NULL,NULL,'2026-06-28 08:48:27',0,1,8),(378,16,'Octavos',96,'Canada','Portugal',0,2,'Portugal','Canada',NULL,NULL,'2026-06-28 08:48:37',0,0,0),(379,16,'Cuartos',97,'Francia','Paises Bajos',2,1,'Francia','Paises Bajos',NULL,NULL,'2026-06-28 08:48:45',0,1,10),(380,16,'Cuartos',98,'España','Belgica',2,1,'España','Belgica',NULL,NULL,'2026-06-28 08:48:54',0,3,20),(381,16,'Cuartos',99,'Noruega','Inglaterra',2,0,'Noruega','Inglaterra',NULL,NULL,'2026-06-28 08:49:05',0,0,20),(382,16,'Cuartos',100,'Argentina','Portugal',2,1,'Argentina','Portugal',NULL,NULL,'2026-06-28 08:49:17',0,1,10),(383,16,'Semifinal',101,'Francia','España',3,1,'Francia','España',NULL,NULL,'2026-06-28 08:49:27',0,0,24),(384,16,'Semifinal',102,'Noruega','Argentina',1,1,'Argentina','Noruega',NULL,NULL,'2026-06-28 08:49:40',0,0,12),(385,16,'Tercer Puesto',103,'España','Noruega',2,1,'España','Noruega',NULL,NULL,'2026-06-28 08:49:51',0,0,0),(386,16,'Final',104,'Francia','Argentina',2,1,'Francia','Argentina',NULL,NULL,'2026-06-28 08:50:00',0,1,15),(387,19,'Dieciseisavos',73,'Corea del Sur','Suiza',2,1,'Corea del Sur','Suiza',NULL,NULL,'2026-06-28 09:52:06',0,0,0),(388,19,'Dieciseisavos',74,'Alemania','Escocia',3,1,'Alemania','Escocia',NULL,NULL,'2026-06-28 09:52:23',0,0,5),(389,19,'Dieciseisavos',75,'Paises Bajos','Marruecos',2,2,'Paises Bajos','Marruecos',NULL,NULL,'2026-06-28 09:53:34',0,0,10),(390,19,'Dieciseisavos',76,'Brasil','Suecia',2,1,'Brasil','Suecia',NULL,NULL,'2026-06-28 09:53:53',0,3,5),(391,19,'Dieciseisavos',77,'Francia','Japon',2,1,'Francia','Japon',NULL,NULL,'2026-06-28 09:54:00',0,1,5),(392,19,'Dieciseisavos',78,'Ecuador','Senegal',1,2,'Senegal','Ecuador',NULL,NULL,'2026-06-28 09:56:32',0,3,0),(393,19,'Dieciseisavos',79,'Mexico','Costa de Marfil',2,1,'Mexico','Costa de Marfil',NULL,NULL,'2026-06-28 09:58:07',0,1,5),(394,19,'Dieciseisavos',80,'Inglaterra','Noruega',2,2,'Inglaterra','Noruega',NULL,NULL,'2026-06-28 10:00:14',0,0,5),(395,19,'Dieciseisavos',81,'Turquia','Austria',1,1,'Turquia','Austria',NULL,NULL,'2026-06-28 10:01:08',0,0,0),(396,19,'Dieciseisavos',83,'Portugal','Croacia',1,2,'Croacia','Portugal',NULL,NULL,'2026-06-28 10:02:02',0,0,10),(397,19,'Dieciseisavos',84,'España','Argelia',3,1,'España','Argelia',NULL,NULL,'2026-06-28 10:02:47',0,1,5),(398,19,'Dieciseisavos',86,'Argentina','Uruguay',1,0,'Argentina','Uruguay',NULL,NULL,'2026-06-28 10:03:56',0,1,5),(399,19,'Dieciseisavos',87,'Colombia','Ghana',2,0,'Colombia','Ghana',NULL,NULL,'2026-06-28 10:04:08',0,1,10),(400,19,'Dieciseisavos',88,'Estados Unidos','Iran',2,0,'Estados Unidos','Iran',NULL,NULL,'2026-06-28 10:04:13',0,0,0),(401,19,'Dieciseisavos',85,'Canada','Egipto',2,1,'Canada','Egipto',NULL,NULL,'2026-06-28 10:04:34',0,1,0),(402,19,'Dieciseisavos',82,'Belgica','Republica Democratica del Congo',2,1,'Belgica','Republica Democratica del Congo',NULL,NULL,'2026-06-28 10:06:03',0,1,5),(403,27,'Dieciseisavos',73,'Corea del Sur','Canada',2,2,'Corea del Sur','Canada',NULL,NULL,'2026-06-28 10:30:49',0,0,5),(404,27,'Dieciseisavos',74,'Alemania','Republica Checa',3,1,'Alemania','Republica Checa',NULL,NULL,'2026-06-28 10:31:05',0,0,5),(405,27,'Dieciseisavos',75,'Paises Bajos','Escocia',2,1,'Paises Bajos','Escocia',NULL,NULL,'2026-06-28 10:32:03',0,0,5),(406,27,'Dieciseisavos',76,'Brasil','Japon',2,0,'Brasil','Japon',NULL,NULL,'2026-06-28 10:32:31',0,1,10),(407,27,'Dieciseisavos',77,'Francia','Marruecos',2,1,'Francia','Marruecos',NULL,NULL,'2026-06-28 10:33:02',0,1,5),(408,27,'Dieciseisavos',78,'Ecuador','Noruega',2,2,'Noruega','Ecuador',NULL,NULL,'2026-06-28 10:34:21',0,0,5),(409,27,'Dieciseisavos',79,'Mexico','Costa de Marfil',3,1,'Mexico','Costa de Marfil',NULL,NULL,'2026-06-28 10:34:51',0,1,5),(410,27,'Dieciseisavos',80,'Inglaterra','Austria',2,1,'Inglaterra','Austria',NULL,NULL,'2026-06-28 10:35:12',0,3,5),(411,27,'Dieciseisavos',81,'Paraguay','Bosnia Y Herzegovina',3,0,'Paraguay','Bosnia Y Herzegovina',NULL,NULL,'2026-06-28 10:35:40',0,1,5),(412,27,'Dieciseisavos',82,'Belgica','Egipto',2,1,'Belgica','Egipto',NULL,NULL,'2026-06-28 10:39:29',0,1,5),(413,27,'Dieciseisavos',84,'España','Argelia',2,2,'Argelia','España',NULL,NULL,'2026-06-28 10:40:29',0,0,5),(414,27,'Dieciseisavos',83,'Colombia','Croacia',3,0,'Colombia','Croacia',NULL,NULL,'2026-06-28 10:40:44',0,1,5),(415,27,'Dieciseisavos',85,'Suiza','Tunez',2,0,'Suiza','Tunez',NULL,NULL,'2026-06-28 10:41:02',0,3,5),(416,27,'Dieciseisavos',86,'Argentina','Uruguay',3,1,'Argentina','Uruguay',NULL,NULL,'2026-06-28 10:41:26',0,1,5),(417,27,'Dieciseisavos',87,'Portugal','Turquia',2,1,'Portugal','Turquia',NULL,NULL,'2026-06-28 10:42:11',0,1,0),(418,27,'Dieciseisavos',88,'Estados Unidos','Nueva Zelanda',2,1,'Estados Unidos','Nueva Zelanda',NULL,NULL,'2026-06-28 10:42:29',0,0,0),(419,10,'Dieciseisavos',73,'Mexico','Canada',1,2,'Canada','Mexico',NULL,NULL,'2026-06-28 10:49:41',0,1,5),(420,10,'Dieciseisavos',74,'Alemania','Republica Checa',2,0,'Alemania','Republica Checa',NULL,NULL,'2026-06-28 10:50:17',0,0,5),(421,10,'Dieciseisavos',75,'Paises Bajos','Marruecos',2,1,'Paises Bajos','Marruecos',NULL,NULL,'2026-06-28 10:50:41',0,0,10),(422,10,'Dieciseisavos',76,'Brasil','Suecia',2,0,'Brasil','Suecia',NULL,NULL,'2026-06-28 10:50:58',0,1,5),(423,10,'Dieciseisavos',77,'Francia','Escocia',2,1,'Francia','Escocia',NULL,NULL,'2026-06-28 10:51:29',0,1,5),(424,10,'Dieciseisavos',78,'Costa de Marfil','Noruega',2,1,'Costa de Marfil','Noruega',NULL,NULL,'2026-06-28 10:53:16',0,0,10),(425,10,'Dieciseisavos',79,'Corea del Sur','Ecuador',1,0,'Corea del Sur','Ecuador',NULL,NULL,'2026-06-28 10:55:08',0,1,5),(426,10,'Dieciseisavos',80,'Inglaterra','Senegal',3,0,'Inglaterra','Senegal',NULL,NULL,'2026-06-28 10:55:33',0,1,5),(427,10,'Dieciseisavos',81,'Estados Unidos','Japon',2,1,'Estados Unidos','Japon',NULL,NULL,'2026-06-28 10:56:08',0,1,5),(428,10,'Dieciseisavos',83,'Colombia','Croacia',2,0,'Colombia','Croacia',NULL,NULL,'2026-06-28 10:59:29',0,1,5),(429,10,'Dieciseisavos',84,'España','Austria',3,1,'España','Austria',NULL,NULL,'2026-06-28 11:00:08',0,1,10),(430,10,'Dieciseisavos',85,'Suiza','Egipto',1,0,'Suiza','Egipto',NULL,NULL,'2026-06-28 11:01:17',0,1,5),(431,10,'Dieciseisavos',86,'Argentina','Uruguay',3,0,'Argentina','Uruguay',NULL,NULL,'2026-06-28 11:05:06',0,1,5),(432,10,'Dieciseisavos',87,'Portugal','Paraguay',1,0,'Portugal','Paraguay',NULL,NULL,'2026-06-28 11:05:27',0,3,0),(433,10,'Dieciseisavos',88,'Turquia','Iran',3,0,'Turquia','Iran',NULL,NULL,'2026-06-28 11:08:29',0,0,0),(434,10,'Dieciseisavos',82,'Belgica','Ghana',2,1,'Belgica','Ghana',NULL,NULL,'2026-06-28 11:09:00',0,1,5),(435,26,'Dieciseisavos',73,'Corea del Sur','Canada',1,2,'Canada','Corea del Sur',NULL,NULL,'2026-06-28 11:57:08',0,1,5),(436,26,'Dieciseisavos',74,'Alemania','Republica Checa',3,1,'Alemania','Republica Checa',NULL,NULL,'2026-06-28 11:57:23',0,0,5),(437,26,'Dieciseisavos',75,'Paises Bajos','Marruecos',2,1,'Paises Bajos','Marruecos',NULL,NULL,'2026-06-28 11:57:44',0,0,10),(438,26,'Dieciseisavos',76,'Brasil','Japon',3,1,'Brasil','Japon',NULL,NULL,'2026-06-28 11:58:25',0,1,10),(439,26,'Dieciseisavos',77,'Francia','Escocia',3,0,'Francia','Escocia',NULL,NULL,'2026-06-28 11:58:39',0,3,5),(440,8,'Dieciseisavos',73,'Corea del Sur','Suiza',1,2,'Suiza','Corea del Sur',NULL,NULL,'2026-06-28 11:58:54',0,1,0),(441,8,'Dieciseisavos',74,'Alemania','Republica Checa',3,0,'Alemania','Republica Checa',NULL,NULL,'2026-06-28 11:59:01',0,0,5),(442,8,'Dieciseisavos',75,'Paises Bajos','Marruecos',2,1,'Paises Bajos','Marruecos',NULL,NULL,'2026-06-28 11:59:13',0,0,10),(443,8,'Dieciseisavos',76,'Brasil','Japon',3,0,'Brasil','Japon',NULL,NULL,'2026-06-28 11:59:20',0,1,10),(444,26,'Dieciseisavos',78,'Ecuador','Noruega',1,1,'Noruega','Ecuador',NULL,NULL,'2026-06-28 11:59:29',0,0,5),(445,8,'Dieciseisavos',77,'Noruega','Escocia',2,0,'Noruega','Escocia',NULL,NULL,'2026-06-28 11:59:44',0,1,0),(446,26,'Dieciseisavos',79,'Mexico','Costa de Marfil',3,1,'Mexico','Costa de Marfil',NULL,NULL,'2026-06-28 11:59:49',0,1,5),(447,8,'Dieciseisavos',78,'Ecuador','Francia',1,3,'Francia','Ecuador',NULL,NULL,'2026-06-28 11:59:53',0,1,0),(448,26,'Dieciseisavos',80,'Inglaterra','Arabia Saudita',3,0,'Inglaterra','Arabia Saudita',NULL,NULL,'2026-06-28 12:00:06',0,1,5),(449,8,'Dieciseisavos',79,'Mexico','Costa de Marfil',1,2,'Costa de Marfil','Mexico',NULL,NULL,'2026-06-28 12:00:07',0,0,5),(450,8,'Dieciseisavos',80,'Inglaterra','Senegal',2,0,'Inglaterra','Senegal',NULL,NULL,'2026-06-28 12:00:16',0,1,5),(451,26,'Dieciseisavos',81,'Estados Unidos','Catar',3,1,'Estados Unidos','Catar',NULL,NULL,'2026-06-28 12:00:27',0,1,5),(452,26,'Dieciseisavos',82,'Belgica','Senegal',2,1,'Belgica','Senegal',NULL,NULL,'2026-06-28 12:00:43',0,1,10),(453,8,'Dieciseisavos',81,'Estados Unidos','Bosnia Y Herzegovina',1,1,'Estados Unidos','Bosnia Y Herzegovina',NULL,NULL,'2026-06-28 12:00:56',0,0,10),(454,8,'Dieciseisavos',82,'Belgica','Argelia',2,0,'Belgica','Argelia',NULL,NULL,'2026-06-28 12:01:02',0,1,5),(455,8,'Dieciseisavos',83,'Colombia','Croacia',2,1,'Colombia','Croacia',NULL,NULL,'2026-06-28 12:01:10',0,3,5),(456,8,'Dieciseisavos',84,'España','Austria',3,0,'España','Austria',NULL,NULL,'2026-06-28 12:01:17',0,3,10),(457,26,'Dieciseisavos',83,'Portugal','Croacia',1,1,'Portugal','Croacia',NULL,NULL,'2026-06-28 12:01:25',0,0,10),(458,8,'Dieciseisavos',85,'Canada','Suecia',0,0,'Suecia','Canada',NULL,NULL,'2026-06-28 12:01:39',0,0,0),(459,26,'Dieciseisavos',84,'España','Austria',3,1,'España','Austria',NULL,NULL,'2026-06-28 12:01:40',0,1,10),(460,26,'Dieciseisavos',85,'Suiza','Argelia',1,0,'Suiza','Argelia',NULL,NULL,'2026-06-28 12:02:08',0,1,10),(461,8,'Dieciseisavos',86,'Argentina','Uruguay',2,0,'Argentina','Uruguay',NULL,NULL,'2026-06-28 12:02:17',0,1,5),(462,26,'Dieciseisavos',86,'Argentina','Uruguay',3,0,'Argentina','Uruguay',NULL,NULL,'2026-06-28 12:02:25',0,1,5),(463,8,'Dieciseisavos',87,'Portugal','Egipto',2,1,'Portugal','Egipto',NULL,NULL,'2026-06-28 12:02:36',0,1,0),(464,26,'Dieciseisavos',87,'Colombia','Ghana',2,0,'Colombia','Ghana',NULL,NULL,'2026-06-28 12:03:00',0,1,10),(465,8,'Dieciseisavos',88,'Turquia','Iran',2,1,'Turquia','Iran',NULL,NULL,'2026-06-28 12:03:18',0,0,0),(466,26,'Dieciseisavos',88,'Paraguay','Egipto',1,0,'Paraguay','Egipto',NULL,NULL,'2026-06-28 12:03:35',0,0,5),(467,8,'Octavos',89,'Alemania','Noruega',2,0,'Alemania','Noruega',NULL,NULL,'2026-06-28 12:03:46',0,0,0),(468,8,'Octavos',90,'Suiza','Paises Bajos',1,2,'Paises Bajos','Suiza',NULL,NULL,'2026-06-28 12:03:57',0,1,0),(469,26,'Octavos',89,'Alemania','Francia',1,2,'Francia','Alemania',NULL,NULL,'2026-06-28 12:03:59',0,1,0),(470,8,'Octavos',91,'Brasil','Francia',2,2,'Francia','Brasil',NULL,NULL,'2026-06-28 12:04:07',0,0,8),(471,26,'Octavos',90,'Canada','Paises Bajos',1,3,'Paises Bajos','Canada',NULL,NULL,'2026-06-28 12:04:07',0,1,0),(472,8,'Octavos',92,'Costa de Marfil','Inglaterra',0,2,'Inglaterra','Costa de Marfil',NULL,NULL,'2026-06-28 12:04:12',0,1,8),(473,8,'Octavos',93,'Colombia','España',2,1,'Colombia','España',NULL,NULL,'2026-06-28 12:04:19',0,0,8),(474,26,'Octavos',91,'Brasil','Noruega',3,1,'Brasil','Noruega',NULL,NULL,'2026-06-28 12:04:20',0,0,16),(475,8,'Octavos',94,'Estados Unidos','Belgica',0,2,'Belgica','Estados Unidos',NULL,NULL,'2026-06-28 12:04:39',0,1,16),(476,26,'Octavos',92,'Mexico','Inglaterra',2,2,'Inglaterra','Mexico',NULL,NULL,'2026-06-28 12:04:41',0,0,16),(477,8,'Octavos',95,'Argentina','Turquia',3,1,'Argentina','Turquia',NULL,NULL,'2026-06-28 12:04:44',0,1,8),(478,8,'Octavos',96,'Suecia','Portugal',0,2,'Portugal','Suecia',NULL,NULL,'2026-06-28 12:04:52',0,0,0),(479,8,'Cuartos',97,'Alemania','Paises Bajos',2,1,'Alemania','Paises Bajos',NULL,NULL,'2026-06-28 12:04:58',0,1,0),(480,26,'Octavos',93,'Portugal','España',1,1,'Portugal','España',NULL,NULL,'2026-06-28 12:04:59',0,0,16),(481,8,'Cuartos',98,'Colombia','Belgica',2,0,'Colombia','Belgica',NULL,NULL,'2026-06-28 12:05:03',0,1,10),(482,26,'Octavos',94,'Estados Unidos','Belgica',2,1,'Estados Unidos','Belgica',NULL,NULL,'2026-06-28 12:05:06',0,0,16),(483,8,'Cuartos',99,'Francia','Inglaterra',1,0,'Francia','Inglaterra',NULL,NULL,'2026-06-28 12:05:10',0,0,10),(484,26,'Octavos',95,'Argentina','Paraguay',3,0,'Argentina','Paraguay',NULL,NULL,'2026-06-28 12:05:16',0,1,8),(485,8,'Cuartos',100,'Argentina','Portugal',2,1,'Argentina','Portugal',NULL,NULL,'2026-06-28 12:05:17',0,1,10),(486,26,'Octavos',96,'Suiza','Colombia',1,2,'Colombia','Suiza',NULL,NULL,'2026-06-28 12:05:23',0,0,16),(487,8,'Semifinal',101,'Alemania','Colombia',2,1,'Alemania','Colombia',NULL,NULL,'2026-06-28 12:05:24',0,0,0),(488,8,'Semifinal',102,'Francia','Argentina',3,2,'Francia','Argentina',NULL,NULL,'2026-06-28 12:05:30',0,0,12),(489,26,'Cuartos',97,'Francia','Paises Bajos',2,1,'Francia','Paises Bajos',NULL,NULL,'2026-06-28 12:05:39',0,1,10),(490,8,'Tercer Puesto',103,'Colombia','Argentina',1,2,'Argentina','Colombia',NULL,NULL,'2026-06-28 12:05:41',0,1,0),(491,26,'Cuartos',98,'Portugal','Estados Unidos',2,2,'Portugal','Estados Unidos',NULL,NULL,'2026-06-28 12:05:49',0,0,0),(492,8,'Final',104,'Alemania','Francia',1,2,'Francia','Alemania',NULL,NULL,'2026-06-28 12:06:00',0,0,0),(493,26,'Cuartos',99,'Brasil','Inglaterra',2,2,'Brasil','Inglaterra',NULL,NULL,'2026-06-28 12:06:08',0,0,10),(494,26,'Cuartos',100,'Argentina','Colombia',1,2,'Colombia','Argentina',NULL,NULL,'2026-06-28 12:06:22',0,0,10),(495,26,'Semifinal',101,'Francia','Portugal',2,1,'Francia','Portugal',NULL,NULL,'2026-06-28 12:06:46',0,0,12),(496,26,'Semifinal',102,'Brasil','Colombia',1,1,'Colombia','Brasil',NULL,NULL,'2026-06-28 12:07:02',0,0,0),(497,26,'Tercer Puesto',103,'Portugal','Brasil',1,1,'Brasil','Portugal',NULL,NULL,'2026-06-28 12:07:35',0,0,0),(498,26,'Final',104,'Francia','Colombia',1,2,'Colombia','Francia',NULL,NULL,'2026-06-28 12:08:00',0,0,0),(499,11,'Dieciseisavos',73,'Mexico','Canada',0,2,'Canada','Mexico',NULL,NULL,'2026-06-28 12:33:04',0,1,5),(500,11,'Dieciseisavos',74,'Alemania','Escocia',3,0,'Alemania','Escocia',NULL,NULL,'2026-06-28 12:33:15',0,0,5),(501,11,'Dieciseisavos',75,'Paises Bajos','Marruecos',2,1,'Paises Bajos','Marruecos',NULL,NULL,'2026-06-28 12:33:29',0,0,10),(502,11,'Dieciseisavos',76,'Brasil','Japon',3,1,'Brasil','Japon',NULL,NULL,'2026-06-28 12:33:45',0,1,10),(503,11,'Dieciseisavos',77,'Francia','Suecia',3,0,'Francia','Suecia',NULL,NULL,'2026-06-28 12:33:53',0,3,10),(504,11,'Dieciseisavos',78,'Ecuador','Noruega',0,1,'Noruega','Ecuador',NULL,NULL,'2026-06-28 12:34:07',0,1,5),(505,11,'Dieciseisavos',79,'Corea del Sur','Costa de Marfil',0,2,'Costa de Marfil','Corea del Sur',NULL,NULL,'2026-06-28 12:34:31',0,0,0),(506,11,'Dieciseisavos',80,'Inglaterra','Arabia Saudita',3,0,'Inglaterra','Arabia Saudita',NULL,NULL,'2026-06-28 12:34:45',0,1,5),(507,11,'Dieciseisavos',81,'Estados Unidos','Senegal',2,0,'Estados Unidos','Senegal',NULL,NULL,'2026-06-28 12:34:56',0,3,5),(508,11,'Dieciseisavos',82,'Belgica','Argelia',2,1,'Belgica','Argelia',NULL,NULL,'2026-06-28 12:35:07',0,1,5),(509,11,'Dieciseisavos',83,'Portugal','Croacia',2,1,'Portugal','Croacia',NULL,NULL,'2026-06-28 12:35:14',0,3,10),(510,11,'Dieciseisavos',84,'España','Austria',3,0,'España','Austria',NULL,NULL,'2026-06-28 12:35:25',0,3,10),(511,11,'Dieciseisavos',85,'Catar','Uzbekistan',0,2,'Uzbekistan','Catar',NULL,NULL,'2026-06-28 12:35:45',0,0,0),(512,11,'Dieciseisavos',86,'Argentina','Uruguay',2,0,'Argentina','Uruguay',NULL,NULL,'2026-06-28 12:35:55',0,1,5),(513,11,'Dieciseisavos',87,'Colombia','Ghana',2,1,'Colombia','Ghana',NULL,NULL,'2026-06-28 12:36:04',0,1,10),(514,11,'Dieciseisavos',88,'Paraguay','Egipto',0,1,'Egipto','Paraguay',NULL,NULL,'2026-06-28 12:36:23',0,0,5),(515,14,'Dieciseisavos',73,'Mexico','Suiza',0,2,'Suiza','Mexico',NULL,NULL,'2026-06-28 12:39:05',0,1,0),(516,14,'Dieciseisavos',74,'Alemania','Catar',4,0,'Alemania','Catar',NULL,NULL,'2026-06-28 12:39:13',0,0,5),(517,14,'Dieciseisavos',75,'Paises Bajos','Marruecos',2,0,'Paises Bajos','Marruecos',NULL,NULL,'2026-06-28 12:39:18',0,0,10),(518,14,'Dieciseisavos',76,'Brasil','Suecia',3,1,'Brasil','Suecia',NULL,NULL,'2026-06-28 12:39:24',0,1,5),(519,14,'Dieciseisavos',77,'Noruega','Escocia',0,2,'Escocia','Noruega',NULL,NULL,'2026-06-28 12:39:28',0,0,0),(520,14,'Dieciseisavos',78,'Ecuador','Francia',1,3,'Francia','Ecuador',NULL,NULL,'2026-06-28 12:39:35',0,1,0),(521,14,'Dieciseisavos',79,'Corea del Sur','Costa de Marfil',0,1,'Costa de Marfil','Corea del Sur',NULL,NULL,'2026-06-28 12:39:42',0,0,0),(522,14,'Dieciseisavos',80,'Inglaterra','Arabia Saudita',2,0,'Inglaterra','Arabia Saudita',NULL,NULL,'2026-06-28 12:40:27',0,1,5),(523,14,'Dieciseisavos',81,'Turquia','Japon',1,2,'Japon','Turquia',NULL,NULL,'2026-06-28 12:40:36',0,0,0),(524,14,'Dieciseisavos',82,'Belgica','Senegal',2,0,'Belgica','Senegal',NULL,NULL,'2026-06-28 12:40:42',0,1,10),(525,14,'Dieciseisavos',83,'Portugal','Croacia',0,1,'Croacia','Portugal',NULL,NULL,'2026-06-28 12:40:50',0,0,10),(526,14,'Dieciseisavos',84,'España','Austria',3,0,'España','Austria',NULL,NULL,'2026-06-28 12:40:55',0,3,10),(527,14,'Dieciseisavos',85,'Canada','Argelia',2,0,'Canada','Argelia',NULL,NULL,'2026-06-28 12:41:03',0,3,5),(528,14,'Dieciseisavos',86,'Argentina','Uruguay',3,0,'Argentina','Uruguay',NULL,NULL,'2026-06-28 12:41:12',0,1,5),(529,14,'Dieciseisavos',87,'Colombia','Australia',3,1,'Colombia','Australia',NULL,NULL,'2026-06-28 12:41:20',0,1,5),(530,14,'Dieciseisavos',88,'Paraguay','Egipto',0,1,'Egipto','Paraguay',NULL,NULL,'2026-06-28 12:41:26',0,0,5),(531,14,'Octavos',89,'Alemania','Escocia',3,0,'Alemania','Escocia',NULL,NULL,'2026-06-28 12:41:43',0,0,0),(532,14,'Octavos',90,'Suiza','Paises Bajos',1,2,'Paises Bajos','Suiza',NULL,NULL,'2026-06-28 12:41:49',0,1,0),(533,14,'Octavos',91,'Brasil','Francia',2,1,'Brasil','Francia',NULL,NULL,'2026-06-28 12:41:55',0,0,8),(534,14,'Octavos',92,'Costa de Marfil','Inglaterra',1,3,'Inglaterra','Costa de Marfil',NULL,NULL,'2026-06-28 12:42:01',0,1,8),(535,14,'Octavos',93,'Croacia','España',1,3,'España','Croacia',NULL,NULL,'2026-06-28 12:42:06',0,1,8),(536,14,'Octavos',94,'Japon','Belgica',1,2,'Belgica','Japon',NULL,NULL,'2026-06-28 12:42:11',0,1,8),(537,14,'Octavos',95,'Argentina','Egipto',2,0,'Argentina','Egipto',NULL,NULL,'2026-06-28 12:42:15',0,1,16),(538,14,'Octavos',96,'Canada','Colombia',0,2,'Colombia','Canada',NULL,NULL,'2026-06-28 12:42:20',0,0,8),(539,7,'Dieciseisavos',73,'Corea del Sur','Bosnia Y Herzegovina',2,0,'Corea del Sur','Bosnia Y Herzegovina',NULL,NULL,'2026-06-28 12:43:16',0,0,0),(540,7,'Dieciseisavos',74,'Alemania','Republica Checa',3,0,'Alemania','Republica Checa',NULL,NULL,'2026-06-28 12:43:22',0,0,5),(541,7,'Dieciseisavos',75,'Japon','Marruecos',2,3,'Marruecos','Japon',NULL,NULL,'2026-06-28 12:43:30',0,0,5),(542,7,'Dieciseisavos',76,'Brasil','Paises Bajos',2,1,'Brasil','Paises Bajos',NULL,NULL,'2026-06-28 12:44:10',0,3,5),(543,7,'Dieciseisavos',77,'Francia','Escocia',3,1,'Francia','Escocia',NULL,NULL,'2026-06-28 12:44:14',0,1,5),(544,7,'Dieciseisavos',78,'Ecuador','Noruega',0,2,'Noruega','Ecuador',NULL,NULL,'2026-06-28 12:44:24',0,1,5),(545,7,'Dieciseisavos',79,'Mexico','Costa de Marfil',2,1,'Mexico','Costa de Marfil',NULL,NULL,'2026-06-28 12:44:29',0,1,5),(546,7,'Dieciseisavos',80,'Inglaterra','Arabia Saudita',2,0,'Inglaterra','Arabia Saudita',NULL,NULL,'2026-06-28 12:44:37',0,1,5),(547,7,'Dieciseisavos',81,'Turquia','Suecia',1,2,'Suecia','Turquia',NULL,NULL,'2026-06-28 12:44:42',0,0,0),(548,7,'Dieciseisavos',82,'Belgica','Senegal',1,1,'Belgica','Senegal',NULL,NULL,'2026-06-28 12:44:51',0,0,10),(549,7,'Dieciseisavos',83,'Colombia','Croacia',2,0,'Colombia','Croacia',NULL,NULL,'2026-06-28 12:45:02',0,1,5),(550,7,'Dieciseisavos',84,'España','Austria',2,1,'España','Austria',NULL,NULL,'2026-06-28 12:45:07',0,1,10),(551,7,'Dieciseisavos',86,'Argentina','Uruguay',5,0,'Argentina','Uruguay',NULL,NULL,'2026-06-28 12:45:19',0,1,5),(552,7,'Dieciseisavos',87,'Portugal','Estados Unidos',2,1,'Portugal','Estados Unidos',NULL,NULL,'2026-06-28 12:45:25',0,1,0),(553,7,'Dieciseisavos',85,'Suiza','Uzbekistan',3,0,'Suiza','Uzbekistan',NULL,NULL,'2026-06-28 12:45:33',0,1,5),(554,7,'Dieciseisavos',88,'Paraguay','Iran',2,0,'Paraguay','Iran',NULL,NULL,'2026-06-28 12:45:40',0,0,0),(555,12,'Dieciseisavos',73,'Corea del Sur','Canada',1,2,'Canada','Corea del Sur',NULL,NULL,'2026-06-28 12:59:52',0,1,5),(556,12,'Dieciseisavos',74,'Alemania','Republica Checa',3,0,'Alemania','Republica Checa',NULL,NULL,'2026-06-28 13:00:26',0,0,5),(557,12,'Dieciseisavos',80,'Inglaterra','Senegal',2,0,'Inglaterra','Senegal',NULL,NULL,'2026-06-28 13:10:22',0,1,5),(558,12,'Dieciseisavos',79,'Mexico','Ecuador',2,1,'Mexico','Ecuador',NULL,NULL,'2026-06-28 13:10:25',0,1,10),(559,12,'Dieciseisavos',78,'Costa de Marfil','Noruega',1,2,'Noruega','Costa de Marfil',NULL,NULL,'2026-06-28 13:10:26',0,3,10),(560,12,'Dieciseisavos',77,'Francia','Escocia',2,0,'Francia','Escocia',NULL,NULL,'2026-06-28 13:10:29',0,1,5),(561,12,'Dieciseisavos',76,'Brasil','Paises Bajos',1,0,'Brasil','Paises Bajos',NULL,NULL,'2026-06-28 13:10:29',0,1,5),(562,12,'Dieciseisavos',75,'Japon','Marruecos',0,1,'Marruecos','Japon',NULL,NULL,'2026-06-28 13:10:32',0,0,5),(563,12,'Dieciseisavos',81,'Turquia','Suecia',0,0,'Suecia','Turquia',NULL,NULL,'2026-06-28 13:10:50',0,0,0),(564,12,'Dieciseisavos',83,'Colombia','Croacia',2,1,'Colombia','Croacia',NULL,NULL,'2026-06-28 13:12:48',0,3,5),(565,12,'Dieciseisavos',82,'Belgica','Austria',2,0,'Belgica','Austria',NULL,NULL,'2026-06-28 13:13:07',0,1,5),(566,12,'Dieciseisavos',84,'España','Argelia',2,0,'España','Argelia',NULL,NULL,'2026-06-28 13:13:24',0,1,5),(567,12,'Dieciseisavos',85,'Suiza','Iran',2,1,'Suiza','Iran',NULL,NULL,'2026-06-28 13:13:39',0,1,5),(568,12,'Dieciseisavos',86,'Argentina','Uruguay',2,1,'Argentina','Uruguay',NULL,NULL,'2026-06-28 13:13:53',0,1,5),(569,3,'Dieciseisavos',73,'Republica Checa','Canada',0,2,'Canada','Republica Checa',NULL,NULL,'2026-06-28 13:17:11',0,1,5),(570,12,'Dieciseisavos',87,'Portugal','Paraguay',1,1,'Portugal','Paraguay',NULL,NULL,'2026-06-28 13:17:39',0,0,0),(571,12,'Dieciseisavos',88,'Estados Unidos','Egipto',2,1,'Estados Unidos','Egipto',NULL,NULL,'2026-06-28 13:17:55',0,0,5),(572,18,'Dieciseisavos',74,'Alemania','Sudafrica',3,1,'Alemania','Sudafrica',NULL,NULL,'2026-06-28 13:22:13',0,0,5),(573,18,'Dieciseisavos',75,'Suecia','Marruecos',2,1,'Suecia','Marruecos',NULL,NULL,'2026-06-28 13:23:39',0,0,5),(574,18,'Dieciseisavos',76,'Brasil','Paises Bajos',1,1,'Brasil','Paises Bajos',NULL,NULL,'2026-06-28 13:24:57',0,0,5),(575,18,'Dieciseisavos',77,'Noruega','Estados Unidos',2,1,'Noruega','Estados Unidos',NULL,NULL,'2026-06-28 13:25:32',0,1,0),(576,18,'Dieciseisavos',78,'Ecuador','Francia',0,2,'Francia','Ecuador',NULL,NULL,'2026-06-28 13:26:03',0,1,0),(577,18,'Dieciseisavos',79,'Mexico','Costa de Marfil',2,1,'Mexico','Costa de Marfil',NULL,NULL,'2026-06-28 13:26:53',0,1,5),(578,18,'Dieciseisavos',80,'Panama','Senegal',1,2,'Senegal','Panama',NULL,NULL,'2026-06-28 13:27:14',0,0,0),(579,18,'Dieciseisavos',81,'Turquia','Bosnia Y Herzegovina',0,1,'Bosnia Y Herzegovina','Turquia',NULL,NULL,'2026-06-28 13:27:53',0,0,5),(580,18,'Dieciseisavos',82,'Belgica','Iran',2,0,'Belgica','Iran',NULL,NULL,'2026-06-28 13:28:33',0,1,5),(581,18,'Dieciseisavos',83,'Colombia','Inglaterra',3,1,'Colombia','Inglaterra',NULL,NULL,'2026-06-28 13:28:56',0,1,0),(582,18,'Dieciseisavos',84,'España','Argelia',1,0,'España','Argelia',NULL,NULL,'2026-06-28 13:30:35',0,1,5),(583,18,'Dieciseisavos',85,'Canada','Japon',1,0,'Canada','Japon',NULL,NULL,'2026-06-28 13:35:16',0,1,0),(584,18,'Dieciseisavos',86,'Argentina','Uruguay',2,1,'Argentina','Uruguay',NULL,NULL,'2026-06-28 13:36:41',0,1,5),(585,18,'Dieciseisavos',87,'Portugal','Ghana',3,1,'Portugal','Ghana',NULL,NULL,'2026-06-28 13:37:23',0,1,5),(586,18,'Dieciseisavos',88,'Paraguay','Nueva Zelanda',1,0,'Paraguay','Nueva Zelanda',NULL,NULL,'2026-06-28 13:38:03',0,0,0),(587,3,'Dieciseisavos',74,'Alemania','Corea del Sur',2,0,'Alemania','Corea del Sur',NULL,NULL,'2026-06-28 13:51:59',0,0,5),(588,3,'Dieciseisavos',75,'Paises Bajos','Marruecos',2,0,'Paises Bajos','Marruecos',NULL,NULL,'2026-06-28 13:52:30',0,0,10),(589,3,'Dieciseisavos',76,'Brasil','Suecia',2,0,'Brasil','Suecia',NULL,NULL,'2026-06-28 13:52:42',0,1,5),(590,3,'Dieciseisavos',77,'Francia','Escocia',3,0,'Francia','Escocia',NULL,NULL,'2026-06-28 13:52:53',0,3,5),(591,3,'Dieciseisavos',78,'Costa de Marfil','Senegal',1,2,'Senegal','Costa de Marfil',NULL,NULL,'2026-06-28 13:53:06',0,3,5),(592,3,'Dieciseisavos',79,'Mexico','Ecuador',3,1,'Mexico','Ecuador',NULL,NULL,'2026-06-28 13:53:19',0,1,10),(593,3,'Dieciseisavos',80,'Inglaterra','Noruega',2,1,'Inglaterra','Noruega',NULL,NULL,'2026-06-28 13:53:45',0,3,5),(594,3,'Dieciseisavos',81,'Estados Unidos','Bosnia Y Herzegovina',3,1,'Estados Unidos','Bosnia Y Herzegovina',NULL,NULL,'2026-06-28 13:53:56',0,1,10),(595,3,'Dieciseisavos',83,'Colombia','Croacia',2,0,'Colombia','Croacia',NULL,NULL,'2026-06-28 13:54:58',0,1,5),(596,3,'Dieciseisavos',84,'España','Austria',3,1,'España','Austria',NULL,NULL,'2026-06-28 13:55:11',0,1,10),(597,3,'Dieciseisavos',85,'Suiza','Japon',0,1,'Japon','Suiza',NULL,NULL,'2026-06-28 13:55:31',0,0,5),(598,3,'Dieciseisavos',86,'Argentina','Uruguay',3,1,'Argentina','Uruguay',NULL,NULL,'2026-06-28 13:55:41',0,1,5),(599,3,'Dieciseisavos',87,'Portugal','Paraguay',2,0,'Portugal','Paraguay',NULL,NULL,'2026-06-28 13:56:02',0,1,0),(600,3,'Dieciseisavos',88,'Turquia','Iran',0,1,'Iran','Turquia',NULL,NULL,'2026-06-28 13:56:22',0,0,0),(601,17,'Dieciseisavos',74,'Alemania','Mexico',3,1,'Alemania','Mexico',NULL,NULL,'2026-06-28 18:58:23',0,0,5),(602,17,'Dieciseisavos',75,'Paises Bajos','Marruecos',2,1,'Paises Bajos','Marruecos',NULL,NULL,'2026-06-28 18:58:49',0,0,10),(603,17,'Dieciseisavos',76,'Brasil','Japon',2,0,'Brasil','Japon',NULL,NULL,'2026-06-28 18:59:03',0,1,10),(604,17,'Dieciseisavos',77,'Francia','Suecia',3,0,'Francia','Suecia',NULL,NULL,'2026-06-28 18:59:20',0,3,10),(605,17,'Dieciseisavos',78,'Ecuador','Noruega',0,2,'Noruega','Ecuador',NULL,NULL,'2026-06-28 18:59:40',0,1,5),(606,17,'Dieciseisavos',79,'Republica Checa','Costa de Marfil',2,1,'Republica Checa','Costa de Marfil',NULL,NULL,'2026-06-28 18:59:52',0,1,0),(607,17,'Dieciseisavos',80,'Inglaterra','Uruguay',1,0,'Inglaterra','Uruguay',NULL,NULL,'2026-06-28 19:00:04',0,1,5),(608,17,'Dieciseisavos',81,'Estados Unidos','Bosnia Y Herzegovina',1,0,'Estados Unidos','Bosnia Y Herzegovina',NULL,NULL,'2026-06-28 19:00:25',0,1,10),(609,17,'Dieciseisavos',82,'Belgica','Senegal',1,1,'Belgica','Senegal',NULL,NULL,'2026-06-28 19:00:43',0,0,10),(610,17,'Dieciseisavos',83,'Colombia','Croacia',2,1,'Colombia','Croacia',NULL,NULL,'2026-06-28 19:01:07',0,3,5),(611,17,'Dieciseisavos',84,'España','Austria',2,0,'España','Austria',NULL,NULL,'2026-06-28 19:01:21',0,1,10),(612,17,'Dieciseisavos',85,'Canada','Iran',1,1,'Canada','Iran',NULL,NULL,'2026-06-28 19:01:45',0,0,0),(613,17,'Dieciseisavos',86,'Argentina','Arabia Saudita',4,0,'Argentina','Arabia Saudita',NULL,NULL,'2026-06-28 19:02:07',0,1,5),(614,17,'Dieciseisavos',87,'Portugal','Republica Democratica del Congo',2,0,'Portugal','Republica Democratica del Congo',NULL,NULL,'2026-06-28 19:02:20',0,1,0),(615,17,'Dieciseisavos',88,'Paraguay','Egipto',1,3,'Egipto','Paraguay',NULL,NULL,'2026-06-28 19:02:41',0,0,5),(616,6,'Dieciseisavos',73,'Mexico','Catar',1,0,'Mexico','Catar',NULL,NULL,'2026-06-28 19:12:10',0,0,0),(617,6,'Dieciseisavos',74,'Alemania','Sudafrica',2,0,'Alemania','Sudafrica',NULL,NULL,'2026-06-28 19:12:27',0,0,5),(618,6,'Dieciseisavos',75,'Paises Bajos','Brasil',2,1,'Paises Bajos','Brasil',NULL,NULL,'2026-06-28 19:12:33',0,0,5),(619,6,'Dieciseisavos',76,'Escocia','Suecia',1,0,'Escocia','Suecia',NULL,NULL,'2026-06-28 19:12:40',0,1,0),(620,6,'Dieciseisavos',77,'Francia','Marruecos',2,1,'Francia','Marruecos',NULL,NULL,'2026-06-28 19:12:53',0,1,5),(621,6,'Dieciseisavos',78,'Ecuador','Senegal',0,2,'Senegal','Ecuador',NULL,NULL,'2026-06-28 19:13:00',0,1,0),(622,6,'Dieciseisavos',79,'Corea del Sur','Japon',0,1,'Japon','Corea del Sur',NULL,NULL,'2026-06-28 19:13:11',0,0,0),(623,6,'Dieciseisavos',80,'Inglaterra','Noruega',2,0,'Inglaterra','Noruega',NULL,NULL,'2026-06-28 19:13:17',0,1,5),(624,6,'Dieciseisavos',81,'Paraguay','Canada',0,1,'Canada','Paraguay',NULL,NULL,'2026-06-28 19:13:24',0,0,0),(625,6,'Dieciseisavos',82,'Belgica','Panama',1,0,'Belgica','Panama',NULL,NULL,'2026-06-28 19:13:34',0,1,5),(626,6,'Dieciseisavos',83,'Portugal','Croacia',2,1,'Portugal','Croacia',NULL,NULL,'2026-06-28 19:13:45',0,3,10),(627,6,'Dieciseisavos',84,'España','Austria',3,1,'España','Austria',NULL,NULL,'2026-06-28 19:13:52',0,1,10),(628,6,'Dieciseisavos',85,'Suiza','Nueva Zelanda',1,0,'Suiza','Nueva Zelanda',NULL,NULL,'2026-06-28 19:13:58',0,1,5),(629,6,'Dieciseisavos',86,'Argentina','Uruguay',3,0,'Argentina','Uruguay',NULL,NULL,'2026-06-28 19:14:04',0,1,5),(630,6,'Dieciseisavos',87,'Colombia','Estados Unidos',2,0,'Colombia','Estados Unidos',NULL,NULL,'2026-06-28 19:14:10',0,1,5),(631,6,'Dieciseisavos',88,'Turquia','Iran',1,0,'Turquia','Iran',NULL,NULL,'2026-06-28 19:14:14',0,0,0),(632,20,'Dieciseisavos',73,'Republica Checa','Canada',1,2,'Canada','Republica Checa',NULL,NULL,'2026-06-29 11:56:10',0,1,5),(633,20,'Dieciseisavos',74,'Alemania','Corea del Sur',2,1,'Alemania','Corea del Sur',NULL,NULL,'2026-06-29 11:56:41',0,0,5),(634,20,'Dieciseisavos',75,'Japon','Marruecos',2,1,'Japon','Marruecos',NULL,NULL,'2026-06-29 11:56:57',0,0,5),(635,20,'Dieciseisavos',76,'Brasil','Paises Bajos',2,1,'Brasil','Paises Bajos',NULL,NULL,'2026-06-29 11:57:08',0,3,5),(636,20,'Dieciseisavos',77,'Francia','Escocia',3,1,'Francia','Escocia',NULL,NULL,'2026-06-29 11:57:15',0,1,5),(637,20,'Dieciseisavos',78,'Curazao','Senegal',1,2,'Senegal','Curazao',NULL,NULL,'2026-06-29 11:57:24',0,3,0),(638,20,'Dieciseisavos',79,'Mexico','Suecia',2,0,'Mexico','Suecia',NULL,NULL,'2026-06-29 11:57:33',0,3,5),(639,20,'Dieciseisavos',80,'Inglaterra','Arabia Saudita',3,1,'Inglaterra','Arabia Saudita',NULL,NULL,'2026-06-29 11:57:40',0,1,5),(640,20,'Dieciseisavos',81,'Paraguay','Bosnia Y Herzegovina',3,1,'Paraguay','Bosnia Y Herzegovina',NULL,NULL,'2026-06-29 11:57:46',0,1,5),(641,20,'Dieciseisavos',88,'Estados Unidos','Nueva Zelanda',2,1,'Estados Unidos','Nueva Zelanda',NULL,NULL,'2026-06-29 11:58:14',0,0,0),(642,20,'Dieciseisavos',84,'España','Argelia',3,1,'España','Argelia',NULL,NULL,'2026-06-29 11:58:28',0,1,5),(643,20,'Dieciseisavos',83,'Colombia','Croacia',2,1,'Colombia','Croacia',NULL,NULL,'2026-06-29 12:04:54',0,3,5),(644,20,'Dieciseisavos',85,'Suiza','Egipto',2,1,'Suiza','Egipto',NULL,NULL,'2026-06-29 20:20:49',0,1,5),(645,20,'Dieciseisavos',86,'Argentina','Uruguay',3,1,'Argentina','Uruguay',NULL,NULL,'2026-06-29 20:20:57',0,1,5),(646,20,'Dieciseisavos',87,'Portugal','Ghana',2,1,'Portugal','Ghana',NULL,NULL,'2026-06-29 20:21:09',0,1,5),(647,20,'Dieciseisavos',82,'Belgica','Republica Democratica del Congo',2,1,'Belgica','Republica Democratica del Congo',NULL,NULL,'2026-06-29 20:21:26',0,1,5),(648,3,'Dieciseisavos',82,'Belgica','Egipto',2,0,'Belgica','Egipto',NULL,NULL,'2026-06-29 20:23:19',0,1,5),(649,7,'Octavos',91,'Brasil','Noruega',2,2,'Brasil','Noruega',NULL,NULL,'2026-07-01 12:48:32',0,0,16),(650,7,'Octavos',89,'Alemania','Francia',0,2,'Francia','Alemania',NULL,NULL,'2026-07-01 12:48:39',0,1,0),(651,7,'Octavos',92,'Mexico','Inglaterra',2,2,'Inglaterra','Mexico',NULL,NULL,'2026-07-01 12:49:09',0,0,16),(652,7,'Octavos',90,'Corea del Sur','Marruecos',1,3,'Marruecos','Corea del Sur',NULL,NULL,'2026-07-01 12:49:29',0,1,0),(653,7,'Octavos',93,'Colombia','España',2,1,'Colombia','España',NULL,NULL,'2026-07-01 12:49:48',0,0,8),(654,7,'Octavos',95,'Argentina','Paraguay',3,1,'Argentina','Paraguay',NULL,NULL,'2026-07-01 12:50:35',0,1,8),(655,7,'Octavos',94,'Suecia','Belgica',0,2,'Belgica','Suecia',NULL,NULL,'2026-07-01 12:50:41',0,1,8),(656,7,'Octavos',96,'Suiza','Portugal',1,2,'Portugal','Suiza',NULL,NULL,'2026-07-01 12:50:57',0,0,8),(657,14,'Cuartos',97,'Alemania','Paises Bajos',0,0,'Alemania','Paises Bajos',NULL,NULL,'2026-07-01 14:23:25',0,0,0),(658,14,'Cuartos',98,'España','Belgica',2,0,'España','Belgica',NULL,NULL,'2026-07-01 14:23:31',0,1,20),(659,14,'Cuartos',99,'Brasil','Inglaterra',1,0,'Brasil','Inglaterra',NULL,NULL,'2026-07-01 14:23:39',0,0,10),(660,14,'Cuartos',100,'Argentina','Colombia',1,0,'Argentina','Colombia',NULL,NULL,'2026-07-01 14:23:44',0,1,10),(661,14,'Semifinal',101,'Alemania','España',0,1,'España','Alemania',NULL,NULL,'2026-07-01 14:23:51',0,1,12),(662,14,'Semifinal',102,'Brasil','Argentina',1,2,'Argentina','Brasil',NULL,NULL,'2026-07-01 14:23:57',0,3,12),(663,14,'Tercer Puesto',103,'Alemania','Brasil',0,1,'Brasil','Alemania',NULL,NULL,'2026-07-01 14:24:03',0,1,0),(664,14,'Final',104,'España','Argentina',1,2,'Argentina','España',NULL,NULL,'2026-07-01 14:24:09',0,0,30),(665,4,'Octavos',89,'Alemania','Francia',0,2,'Francia','Alemania',NULL,NULL,'2026-07-02 14:35:18',0,1,0),(666,4,'Octavos',90,'Canada','Paises Bajos',1,2,'Paises Bajos','Canada',NULL,NULL,'2026-07-02 14:35:28',0,1,0),(667,4,'Octavos',91,'Brasil','Noruega',2,2,'Brasil','Noruega',NULL,NULL,'2026-07-02 14:35:52',0,0,16),(668,4,'Octavos',92,'Suecia','Croacia',1,3,'Croacia','Suecia',NULL,NULL,'2026-07-02 14:36:13',0,1,0),(669,4,'Octavos',94,'Turquia','Belgica',1,3,'Belgica','Turquia',NULL,NULL,'2026-07-02 14:37:00',0,1,8),(670,27,'Octavos',89,'Alemania','Francia',1,2,'Francia','Alemania',NULL,NULL,'2026-07-04 09:14:25',0,1,0),(671,27,'Octavos',90,'Corea del Sur','Paises Bajos',1,3,'Paises Bajos','Corea del Sur',NULL,NULL,'2026-07-04 09:14:49',0,1,0),(672,27,'Octavos',91,'Brasil','Noruega',3,2,'Brasil','Noruega',NULL,NULL,'2026-07-04 09:15:38',0,0,16),(673,27,'Octavos',92,'Mexico','Inglaterra',2,3,'Inglaterra','Mexico',NULL,NULL,'2026-07-04 09:15:56',0,3,16),(674,27,'Octavos',93,'Colombia','Argelia',2,1,'Colombia','Argelia',NULL,NULL,'2026-07-04 09:18:32',0,0,0),(675,27,'Octavos',94,'Paraguay','Belgica',2,1,'Paraguay','Belgica',NULL,NULL,'2026-07-04 09:19:09',0,0,8),(676,27,'Octavos',95,'Argentina','Estados Unidos',3,1,'Argentina','Estados Unidos',NULL,NULL,'2026-07-04 09:19:37',0,1,8),(677,27,'Octavos',96,'Suiza','Portugal',1,2,'Portugal','Suiza',NULL,NULL,'2026-07-04 09:20:09',0,0,8),(678,17,'Octavos',89,'Alemania','Francia',0,2,'Francia','Alemania',NULL,NULL,'2026-07-04 09:55:36',0,1,0),(679,17,'Octavos',90,'Suiza','Paises Bajos',1,2,'Paises Bajos','Suiza',NULL,NULL,'2026-07-04 09:55:59',0,1,0),(680,17,'Octavos',91,'Brasil','Noruega',2,2,'Noruega','Brasil',NULL,NULL,'2026-07-04 09:56:11',0,0,16),(681,17,'Octavos',92,'Republica Checa','Inglaterra',0,1,'Inglaterra','Republica Checa',NULL,NULL,'2026-07-04 09:56:20',0,1,8),(682,17,'Octavos',93,'Colombia','España',2,1,'Colombia','España',NULL,NULL,'2026-07-04 09:56:29',0,0,8),(683,17,'Octavos',94,'Estados Unidos','Belgica',1,1,'Belgica','Estados Unidos',NULL,NULL,'2026-07-04 09:56:49',0,0,16),(684,17,'Octavos',95,'Argentina','Egipto',2,1,'Argentina','Egipto',NULL,NULL,'2026-07-04 09:56:56',0,1,16),(685,17,'Octavos',96,'Canada','Portugal',0,2,'Portugal','Canada',NULL,NULL,'2026-07-04 09:57:15',0,0,0),(686,4,'Octavos',93,'Colombia','España',3,1,'Colombia','España',NULL,NULL,'2026-07-04 10:04:40',0,0,8),(687,4,'Octavos',95,'Argentina','Nueva Zelanda',3,1,'Argentina','Nueva Zelanda',NULL,NULL,'2026-07-04 10:04:48',0,1,8),(688,4,'Octavos',96,'Suiza','Portugal',3,1,'Suiza','Portugal',NULL,NULL,'2026-07-04 10:04:53',0,0,8),(689,4,'Cuartos',97,'Francia','Paises Bajos',3,1,'Francia','Paises Bajos',NULL,NULL,'2026-07-04 10:05:01',0,1,10),(690,4,'Cuartos',98,'Colombia','Belgica',3,1,'Colombia','Belgica',NULL,NULL,'2026-07-04 10:05:05',0,1,10),(691,4,'Cuartos',99,'Brasil','Croacia',3,0,'Brasil','Croacia',NULL,NULL,'2026-07-04 10:05:10',0,0,0),(692,4,'Cuartos',100,'Argentina','Suiza',3,1,'Argentina','Suiza',NULL,NULL,'2026-07-04 10:05:16',0,3,20),(693,4,'Semifinal',101,'Francia','Colombia',0,3,'Colombia','Francia',NULL,NULL,'2026-07-04 10:05:22',0,1,12),(694,4,'Semifinal',102,'Brasil','Argentina',0,2,'Argentina','Brasil',NULL,NULL,'2026-07-04 10:05:26',0,1,12),(695,4,'Tercer Puesto',103,'Francia','Brasil',0,2,'Brasil','Francia',NULL,NULL,'2026-07-04 10:05:32',0,1,13),(696,4,'Final',104,'Colombia','Argentina',2,1,'Colombia','Argentina',NULL,NULL,'2026-07-04 10:05:42',0,1,15),(697,7,'Cuartos',97,'Francia','Marruecos',2,1,'Francia','Marruecos',NULL,NULL,'2026-07-04 10:16:06',0,1,20),(698,7,'Cuartos',98,'Colombia','Belgica',3,1,'Colombia','Belgica',NULL,NULL,'2026-07-04 10:16:27',0,1,10),(699,7,'Cuartos',99,'Brasil','Inglaterra',2,2,'Brasil','Inglaterra',NULL,NULL,'2026-07-04 10:16:42',0,0,10),(700,6,'Octavos',89,'Alemania','Francia',0,2,'Francia','Alemania',NULL,NULL,'2026-07-04 10:16:54',0,1,0),(701,7,'Cuartos',100,'Argentina','Portugal',3,0,'Argentina','Portugal',NULL,NULL,'2026-07-04 10:17:00',0,1,10),(702,6,'Octavos',90,'Mexico','Paises Bajos',0,2,'Paises Bajos','Mexico',NULL,NULL,'2026-07-04 10:17:03',0,1,0),(703,6,'Octavos',91,'Escocia','Senegal',0,2,'Senegal','Escocia',NULL,NULL,'2026-07-04 10:17:08',0,1,0),(704,7,'Semifinal',101,'Francia','Colombia',1,2,'Colombia','Francia',NULL,NULL,'2026-07-04 10:17:13',0,1,12),(705,6,'Octavos',92,'Japon','Inglaterra',0,2,'Inglaterra','Japon',NULL,NULL,'2026-07-04 10:17:16',0,1,8),(706,6,'Octavos',93,'Portugal','España',1,2,'España','Portugal',NULL,NULL,'2026-07-04 10:17:26',0,1,16),(707,6,'Octavos',94,'Canada','Belgica',2,1,'Canada','Belgica',NULL,NULL,'2026-07-04 10:17:32',0,0,8),(708,6,'Octavos',95,'Argentina','Turquia',2,0,'Argentina','Turquia',NULL,NULL,'2026-07-04 10:17:38',0,1,8),(709,7,'Semifinal',102,'Brasil','Argentina',2,2,'Brasil','Argentina',NULL,NULL,'2026-07-04 10:17:39',0,0,12),(710,7,'Tercer Puesto',103,'Francia','Argentina',2,0,'Francia','Argentina',NULL,NULL,'2026-07-04 10:17:47',0,0,13),(711,7,'Final',104,'Colombia','Brasil',1,0,'Colombia','Brasil',NULL,NULL,'2026-07-04 10:17:52',0,3,0),(712,6,'Octavos',96,'Suiza','Colombia',1,2,'Colombia','Suiza',NULL,NULL,'2026-07-04 10:17:53',0,0,16),(713,6,'Cuartos',97,'Francia','Paises Bajos',2,0,'Francia','Paises Bajos',NULL,NULL,'2026-07-04 10:18:00',0,3,10),(714,6,'Cuartos',98,'España','Canada',2,0,'España','Canada',NULL,NULL,'2026-07-04 10:18:06',0,1,10),(715,6,'Cuartos',99,'Senegal','Inglaterra',0,2,'Inglaterra','Senegal',NULL,NULL,'2026-07-04 10:18:13',0,1,10),(716,6,'Cuartos',100,'Argentina','Colombia',0,1,'Colombia','Argentina',NULL,NULL,'2026-07-04 10:18:21',0,0,10),(717,6,'Semifinal',101,'Francia','España',2,1,'Francia','España',NULL,NULL,'2026-07-04 10:18:27',0,0,24),(718,6,'Semifinal',102,'Inglaterra','Colombia',0,2,'Colombia','Inglaterra',NULL,NULL,'2026-07-04 10:18:32',0,1,12),(719,6,'Tercer Puesto',103,'España','Inglaterra',2,1,'España','Inglaterra',NULL,NULL,'2026-07-04 10:18:41',0,0,13),(720,6,'Final',104,'Francia','Colombia',1,1,'Colombia','Francia',NULL,NULL,'2026-07-04 10:19:06',0,0,0),(721,20,'Octavos',89,'Alemania','Francia',1,3,'Francia','Alemania',NULL,NULL,'2026-07-04 10:20:41',0,1,0),(722,20,'Octavos',90,'Canada','Japon',2,1,'Canada','Japon',NULL,NULL,'2026-07-04 10:22:01',0,0,0),(723,20,'Octavos',91,'Brasil','Senegal',3,2,'Brasil','Senegal',NULL,NULL,'2026-07-04 10:22:52',0,0,8),(724,5,'Octavos',89,'Alemania','Noruega',3,2,'Alemania','Noruega',NULL,NULL,'2026-07-04 10:25:23',0,0,0),(725,5,'Octavos',90,'Sudafrica','Marruecos',1,2,'Marruecos','Sudafrica',NULL,NULL,'2026-07-04 10:27:05',0,1,0),(726,5,'Octavos',91,'Brasil','Francia',1,3,'Francia','Brasil',NULL,NULL,'2026-07-04 10:27:14',0,1,8),(727,5,'Octavos',92,'Mexico','Inglaterra',1,2,'Inglaterra','Mexico',NULL,NULL,'2026-07-04 10:27:27',0,1,16),(728,5,'Octavos',93,'Portugal','España',1,1,'Portugal','España',NULL,NULL,'2026-07-04 10:27:53',0,0,16),(729,5,'Octavos',94,'Suecia','Senegal',2,2,'Senegal','Suecia',NULL,NULL,'2026-07-04 10:30:02',0,0,0),(730,5,'Octavos',95,'Argentina','Egipto',2,1,'Argentina','Egipto',NULL,NULL,'2026-07-04 10:30:13',0,1,16),(731,5,'Octavos',96,'Argelia','Colombia',0,2,'Colombia','Argelia',NULL,NULL,'2026-07-04 10:30:32',0,0,8),(732,28,'Octavos',89,'Alemania','Francia',0,3,'Francia','Alemania',NULL,NULL,'2026-07-04 10:37:32',0,3,0),(733,28,'Octavos',90,'Corea del Sur','Marruecos',1,2,'Marruecos','Corea del Sur',NULL,NULL,'2026-07-04 10:38:02',0,1,0),(734,28,'Octavos',91,'Brasil','Noruega',2,2,'Brasil','Noruega',NULL,NULL,'2026-07-04 10:38:28',0,0,16),(735,28,'Octavos',92,'Costa de Marfil','Inglaterra',1,3,'Inglaterra','Costa de Marfil',NULL,NULL,'2026-07-04 10:38:47',0,1,8),(736,28,'Octavos',93,'Colombia','España',2,1,'Colombia','España',NULL,NULL,'2026-07-04 10:38:55',0,0,8),(737,28,'Octavos',94,'Estados Unidos','Belgica',2,1,'Estados Unidos','Belgica',NULL,NULL,'2026-07-04 10:39:22',0,0,16),(738,28,'Octavos',95,'Argentina','Egipto',2,2,'Argentina','Egipto',NULL,NULL,'2026-07-04 10:39:39',0,0,16),(739,28,'Octavos',96,'Suiza','Portugal',0,2,'Portugal','Suiza',NULL,NULL,'2026-07-04 10:40:03',0,0,8),(740,20,'Octavos',92,'Mexico','Inglaterra',2,3,'Inglaterra','Mexico',NULL,NULL,'2026-07-04 13:17:52',0,3,16),(741,20,'Octavos',96,'Suiza','Portugal',1,2,'Portugal','Suiza',NULL,NULL,'2026-07-04 13:20:25',0,0,8),(742,20,'Octavos',95,'Argentina','Estados Unidos',3,1,'Argentina','Estados Unidos',NULL,NULL,'2026-07-04 13:20:58',0,1,8),(743,20,'Octavos',94,'Paraguay','Belgica',1,2,'Belgica','Paraguay',NULL,NULL,'2026-07-04 13:21:30',0,1,8),(744,20,'Octavos',93,'Colombia','España',2,2,'Colombia','España',NULL,NULL,'2026-07-04 13:23:27',0,0,8),(745,20,'Cuartos',97,'Francia','Canada',2,1,'Francia','Canada',NULL,NULL,'2026-07-04 20:43:09',0,1,10),(746,11,'Octavos',89,'Alemania','Francia',1,3,'Francia','Alemania',NULL,NULL,'2026-07-05 13:46:19',0,1,0),(747,11,'Octavos',90,'Canada','Paises Bajos',0,2,'Paises Bajos','Canada',NULL,NULL,'2026-07-05 13:46:46',0,1,0),(748,11,'Octavos',91,'Brasil','Noruega',2,1,'Brasil','Noruega',NULL,NULL,'2026-07-05 13:46:52',0,0,16),(749,11,'Octavos',92,'Costa de Marfil','Inglaterra',0,2,'Inglaterra','Costa de Marfil',NULL,NULL,'2026-07-05 13:47:07',0,1,8),(750,11,'Octavos',93,'Portugal','España',1,3,'España','Portugal',NULL,NULL,'2026-07-05 13:47:16',0,1,16),(751,11,'Octavos',94,'Estados Unidos','Belgica',2,1,'Estados Unidos','Belgica',NULL,NULL,'2026-07-05 13:47:31',0,0,16),(752,11,'Octavos',95,'Argentina','Egipto',3,0,'Argentina','Egipto',NULL,NULL,'2026-07-05 13:47:40',0,1,16),(753,11,'Octavos',96,'Uzbekistan','Colombia',0,2,'Colombia','Uzbekistan',NULL,NULL,'2026-07-05 13:47:47',0,0,8),(754,25,'Octavos',89,'Alemania','Francia',0,1,'Francia','Alemania',NULL,NULL,'2026-07-05 13:58:41',0,0,0),(755,25,'Octavos',90,'Canada','Paises Bajos',0,2,'Paises Bajos','Canada',NULL,NULL,'2026-07-05 13:58:56',0,0,0),(756,25,'Octavos',91,'Brasil','Noruega',1,2,'Noruega','Brasil',NULL,NULL,'2026-07-05 13:59:52',0,3,16),(757,25,'Octavos',92,'Mexico','Inglaterra',1,2,'Inglaterra','Mexico',NULL,NULL,'2026-07-05 14:00:12',0,1,16),(758,25,'Octavos',96,'Suiza','Portugal',0,2,'Portugal','Suiza',NULL,NULL,'2026-07-05 14:00:34',0,0,8),(759,25,'Octavos',93,'Colombia','España',0,1,'España','Colombia',NULL,NULL,'2026-07-05 14:00:44',0,3,8),(760,25,'Octavos',94,'Turquia','Belgica',1,2,'Belgica','Turquia',NULL,NULL,'2026-07-05 14:01:13',0,1,8),(761,25,'Octavos',95,'Argentina','Estados Unidos',3,1,'Argentina','Estados Unidos',NULL,NULL,'2026-07-05 14:01:29',0,1,8),(762,18,'Octavos',89,'Alemania','Noruega',1,2,'Noruega','Alemania',NULL,NULL,'2026-07-05 14:03:51',0,0,0),(763,18,'Octavos',90,'Suiza','Suecia',0,1,'Suecia','Suiza',NULL,NULL,'2026-07-05 14:04:18',0,0,0),(764,18,'Octavos',91,'Brasil','Francia',1,2,'Francia','Brasil',NULL,NULL,'2026-07-05 14:04:24',0,3,8),(765,18,'Octavos',92,'Mexico','Senegal',2,1,'Mexico','Senegal',NULL,NULL,'2026-07-05 14:04:45',0,0,8),(766,18,'Octavos',93,'Colombia','España',2,0,'Colombia','España',NULL,NULL,'2026-07-05 14:04:54',0,0,8),(767,18,'Octavos',94,'Bosnia Y Herzegovina','Belgica',2,1,'Bosnia Y Herzegovina','Belgica',NULL,NULL,'2026-07-05 14:05:05',0,0,8),(768,18,'Octavos',95,'Argentina','Paraguay',2,1,'Argentina','Paraguay',NULL,NULL,'2026-07-05 14:05:09',0,1,8),(769,18,'Octavos',96,'Canada','Portugal',0,1,'Portugal','Canada',NULL,NULL,'2026-07-05 14:05:21',0,0,0),(770,3,'Octavos',89,'Alemania','Francia',0,1,'Francia','Alemania',NULL,NULL,'2026-07-05 14:07:53',0,0,0),(771,3,'Octavos',90,'Canada','Paises Bajos',0,3,'Paises Bajos','Canada',NULL,NULL,'2026-07-05 14:08:27',0,0,0),(772,3,'Octavos',91,'Brasil','Senegal',2,1,'Brasil','Senegal',NULL,NULL,'2026-07-05 14:08:42',0,0,8),(773,3,'Octavos',92,'Mexico','Inglaterra',1,2,'Inglaterra','Mexico',NULL,NULL,'2026-07-05 14:08:50',0,1,16),(774,3,'Octavos',93,'Colombia','España',2,1,'Colombia','España',NULL,NULL,'2026-07-05 14:09:33',0,0,8),(775,3,'Octavos',94,'Estados Unidos','Belgica',1,2,'Belgica','Estados Unidos',NULL,NULL,'2026-07-05 14:10:20',0,1,16),(776,3,'Octavos',95,'Argentina','Iran',2,0,'Argentina','Iran',NULL,NULL,'2026-07-05 14:10:31',0,1,8),(777,12,'Octavos',89,'Alemania','Francia',0,1,'Francia','Alemania',NULL,NULL,'2026-07-05 14:10:55',0,0,0),(778,3,'Octavos',96,'Japon','Portugal',0,2,'Portugal','Japon',NULL,NULL,'2026-07-05 14:10:59',0,0,0),(779,12,'Octavos',90,'Canada','Marruecos',0,1,'Marruecos','Canada',NULL,NULL,'2026-07-05 14:11:13',0,0,0),(780,12,'Octavos',94,'Suecia','Belgica',1,1,'Suecia','Belgica',NULL,NULL,'2026-07-05 14:12:56',0,0,8),(781,12,'Octavos',91,'Brasil','Noruega',1,1,'Noruega','Brasil',NULL,NULL,'2026-07-05 14:13:10',0,0,16),(782,12,'Octavos',92,'Mexico','Inglaterra',1,2,'Inglaterra','Mexico',NULL,NULL,'2026-07-05 14:13:14',0,1,16),(783,12,'Octavos',93,'Colombia','España',2,1,'Colombia','España',NULL,NULL,'2026-07-05 14:13:19',0,0,8),(784,12,'Octavos',95,'Argentina','Estados Unidos',1,1,'Argentina','Estados Unidos',NULL,NULL,'2026-07-05 14:14:27',0,0,8),(785,19,'Octavos',89,'Alemania','Francia',0,3,'Francia','Alemania',NULL,NULL,'2026-07-05 14:15:09',0,0,0),(786,19,'Octavos',90,'Corea del Sur','Paises Bajos',0,1,'Paises Bajos','Corea del Sur',NULL,NULL,'2026-07-05 14:15:20',0,0,0),(787,12,'Octavos',96,'Suiza','Portugal',1,2,'Portugal','Suiza',NULL,NULL,'2026-07-05 14:15:26',0,0,8),(788,19,'Octavos',91,'Brasil','Senegal',1,1,'Brasil','Senegal',NULL,NULL,'2026-07-05 14:16:01',0,0,8),(789,19,'Octavos',92,'Mexico','Inglaterra',2,1,'Mexico','Inglaterra',NULL,NULL,'2026-07-05 14:16:16',0,0,16),(790,19,'Octavos',93,'Croacia','España',1,2,'España','Croacia',NULL,NULL,'2026-07-05 14:16:33',0,1,8),(791,19,'Octavos',94,'Turquia','Belgica',2,1,'Turquia','Belgica',NULL,NULL,'2026-07-05 14:16:49',0,0,8),(792,19,'Octavos',95,'Argentina','Estados Unidos',1,1,'Argentina','Estados Unidos',NULL,NULL,'2026-07-05 14:17:37',0,0,8),(793,19,'Octavos',96,'Canada','Colombia',0,2,'Colombia','Canada',NULL,NULL,'2026-07-05 14:24:19',0,0,8),(794,10,'Octavos',96,'Suiza','Portugal',1,2,'Portugal','Suiza',NULL,NULL,'2026-07-05 18:18:05',0,0,8),(795,10,'Octavos',89,'Alemania','Francia',1,2,'Francia','Alemania',NULL,NULL,'2026-07-05 18:19:56',0,0,0),(796,10,'Octavos',90,'Canada','Paises Bajos',1,0,'Canada','Paises Bajos',NULL,NULL,'2026-07-05 18:20:06',0,0,0),(797,10,'Octavos',91,'Brasil','Costa de Marfil',1,2,'Costa de Marfil','Brasil',NULL,NULL,'2026-07-05 18:20:13',0,0,8),(798,10,'Octavos',92,'Corea del Sur','Inglaterra',1,2,'Inglaterra','Corea del Sur',NULL,NULL,'2026-07-05 18:20:21',0,1,8),(799,10,'Octavos',93,'Colombia','España',2,1,'Colombia','España',NULL,NULL,'2026-07-05 18:20:31',0,0,8),(800,10,'Octavos',94,'Estados Unidos','Belgica',1,2,'Belgica','Estados Unidos',NULL,NULL,'2026-07-05 18:35:39',0,1,16),(801,10,'Octavos',95,'Argentina','Turquia',3,1,'Argentina','Turquia',NULL,NULL,'2026-07-05 18:36:01',0,1,8),(802,10,'Cuartos',97,'Francia','Canada',2,1,'Francia','Canada',NULL,NULL,'2026-07-05 18:39:51',0,1,10),(803,10,'Cuartos',98,'Colombia','Belgica',2,1,'Colombia','Belgica',NULL,NULL,'2026-07-05 18:40:05',0,3,10),(804,10,'Cuartos',100,'Argentina','Portugal',1,0,'Argentina','Portugal',NULL,NULL,'2026-07-05 18:40:34',0,1,10),(805,10,'Cuartos',99,'Costa de Marfil','Inglaterra',1,2,'Inglaterra','Costa de Marfil',NULL,NULL,'2026-07-05 18:40:45',0,3,10),(806,10,'Semifinal',102,'Inglaterra','Argentina',2,1,'Inglaterra','Argentina',NULL,NULL,'2026-07-05 18:42:10',0,0,24),(807,10,'Semifinal',101,'Francia','Colombia',1,2,'Colombia','Francia',NULL,NULL,'2026-07-05 18:42:21',0,1,12),(808,10,'Tercer Puesto',103,'Francia','Argentina',2,1,'Francia','Argentina',NULL,NULL,'2026-07-05 18:42:37',0,0,13),(809,10,'Final',104,'Colombia','Inglaterra',2,1,'Colombia','Inglaterra',NULL,NULL,'2026-07-05 18:42:49',0,1,0),(810,20,'Cuartos',99,'Brasil','Inglaterra',3,2,'Brasil','Inglaterra',NULL,NULL,'2026-07-05 23:26:07',0,0,10),(811,20,'Cuartos',100,'Argentina','Portugal',2,3,'Portugal','Argentina',NULL,NULL,'2026-07-05 23:27:12',0,0,10),(812,20,'Cuartos',98,'Colombia','Belgica',3,2,'Colombia','Belgica',NULL,NULL,'2026-07-05 23:27:39',0,1,10),(813,25,'Cuartos',97,'Francia','Paises Bajos',1,0,'Francia','Paises Bajos',NULL,NULL,'2026-07-06 08:32:06',0,1,10),(814,25,'Cuartos',98,'España','Belgica',2,0,'España','Belgica',NULL,NULL,'2026-07-06 08:32:14',0,1,20),(815,25,'Cuartos',99,'Noruega','Inglaterra',1,2,'Inglaterra','Noruega',NULL,NULL,'2026-07-06 08:32:19',0,3,20),(816,25,'Cuartos',100,'Argentina','Portugal',2,1,'Argentina','Portugal',NULL,NULL,'2026-07-06 08:32:24',0,1,10),(817,25,'Semifinal',101,'Francia','España',2,1,'Francia','España',NULL,NULL,'2026-07-06 08:33:01',0,0,24),(818,25,'Semifinal',102,'Inglaterra','Argentina',1,1,'Argentina','Inglaterra',NULL,NULL,'2026-07-06 08:33:08',0,0,24),(819,25,'Tercer Puesto',103,'España','Inglaterra',1,2,'Inglaterra','España',NULL,NULL,'2026-07-06 08:33:23',0,1,13),(820,25,'Final',104,'Francia','Argentina',2,1,'Francia','Argentina',NULL,NULL,'2026-07-06 08:33:38',0,1,15),(821,28,'Cuartos',97,'Francia','Marruecos',3,1,'Francia','Marruecos',NULL,NULL,'2026-07-06 20:59:24',0,1,20),(822,28,'Cuartos',98,'Colombia','Estados Unidos',2,1,'Colombia','Estados Unidos',NULL,NULL,'2026-07-06 20:59:52',0,3,0),(823,28,'Cuartos',99,'Brasil','Inglaterra',2,2,'Inglaterra','Brasil',NULL,NULL,'2026-07-06 21:02:57',0,0,10),(824,28,'Cuartos',100,'Argentina','Portugal',1,2,'Portugal','Argentina',NULL,NULL,'2026-07-06 21:03:17',0,0,10),(825,28,'Semifinal',101,'Francia','Colombia',1,2,'Colombia','Francia',NULL,NULL,'2026-07-06 21:03:47',0,1,12),(826,28,'Semifinal',102,'Inglaterra','Portugal',2,1,'Inglaterra','Portugal',NULL,NULL,'2026-07-06 21:03:54',0,0,12),(827,28,'Tercer Puesto',103,'Francia','Portugal',3,1,'Francia','Portugal',NULL,NULL,'2026-07-06 21:04:06',0,0,13),(828,28,'Final',104,'Colombia','Inglaterra',2,1,'Colombia','Inglaterra',NULL,NULL,'2026-07-06 21:04:18',0,1,0),(829,27,'Cuartos',97,'Francia','Paises Bajos',2,1,'Francia','Paises Bajos',NULL,NULL,'2026-07-07 18:44:37',0,1,10),(830,27,'Cuartos',98,'Colombia','Paraguay',2,3,'Paraguay','Colombia',NULL,NULL,'2026-07-07 18:45:21',0,0,0),(831,27,'Cuartos',99,'Brasil','Inglaterra',2,2,'Inglaterra','Brasil',NULL,NULL,'2026-07-07 18:46:45',0,0,10),(832,27,'Cuartos',100,'Argentina','Portugal',2,1,'Argentina','Portugal',NULL,NULL,'2026-07-07 18:47:08',0,1,10),(833,17,'Cuartos',97,'Francia','Paises Bajos',1,0,'Francia','Paises Bajos',NULL,NULL,'2026-07-08 09:25:07',0,1,10),(834,17,'Cuartos',98,'Colombia','Belgica',0,1,'Belgica','Colombia',NULL,NULL,'2026-07-08 09:25:15',0,0,10),(835,17,'Cuartos',99,'Noruega','Inglaterra',3,1,'Noruega','Inglaterra',NULL,NULL,'2026-07-08 09:25:22',0,0,20),(836,17,'Cuartos',100,'Argentina','Portugal',2,0,'Argentina','Portugal',NULL,NULL,'2026-07-08 09:25:32',0,1,10),(837,5,'Cuartos',97,'Alemania','Marruecos',2,2,'Marruecos','Alemania',NULL,NULL,'2026-07-08 10:07:56',0,0,10),(838,5,'Cuartos',98,'Portugal','Senegal',3,1,'Portugal','Senegal',NULL,NULL,'2026-07-08 10:08:17',0,1,0),(839,5,'Cuartos',99,'Francia','Inglaterra',2,2,'Inglaterra','Francia',NULL,NULL,'2026-07-08 10:08:47',0,0,10),(840,5,'Cuartos',100,'Argentina','Colombia',3,1,'Argentina','Colombia',NULL,NULL,'2026-07-08 10:09:09',0,3,10),(841,5,'Semifinal',101,'Marruecos','Portugal',2,2,'Marruecos','Portugal',NULL,NULL,'2026-07-08 10:09:33',0,0,0),(842,5,'Semifinal',102,'Inglaterra','Argentina',2,2,'Argentina','Inglaterra',NULL,NULL,'2026-07-08 10:09:54',0,0,24),(843,5,'Tercer Puesto',103,'Portugal','Inglaterra',2,2,'Inglaterra','Portugal',NULL,NULL,'2026-07-08 10:10:32',0,0,13),(844,5,'Final',104,'Marruecos','Argentina',2,2,'Marruecos','Argentina',NULL,NULL,'2026-07-08 10:10:46',0,0,15),(845,11,'Cuartos',97,'Francia','Paises Bajos',2,1,'Francia','Paises Bajos',NULL,NULL,'2026-07-08 10:50:20',0,1,10),(846,11,'Cuartos',98,'España','Estados Unidos',2,0,'España','Estados Unidos',NULL,NULL,'2026-07-08 10:50:46',0,1,10),(847,11,'Cuartos',99,'Brasil','Inglaterra',1,2,'Inglaterra','Brasil',NULL,NULL,'2026-07-08 10:50:55',0,3,10),(848,18,'Cuartos',97,'Noruega','Suecia',3,1,'Noruega','Suecia',NULL,NULL,'2026-07-08 10:50:55',0,1,0),(849,18,'Cuartos',98,'Colombia','Bosnia Y Herzegovina',2,1,'Colombia','Bosnia Y Herzegovina',NULL,NULL,'2026-07-08 10:51:09',0,3,0),(850,11,'Cuartos',100,'Argentina','Colombia',1,0,'Argentina','Colombia',NULL,NULL,'2026-07-08 10:51:12',0,1,10),(851,18,'Cuartos',99,'Francia','Mexico',3,2,'Francia','Mexico',NULL,NULL,'2026-07-08 10:51:17',0,0,0),(852,18,'Cuartos',100,'Argentina','Portugal',2,1,'Argentina','Portugal',NULL,NULL,'2026-07-08 10:51:36',0,1,10),(853,18,'Semifinal',101,'Noruega','Colombia',2,1,'Noruega','Colombia',NULL,NULL,'2026-07-08 10:51:49',0,0,0),(854,18,'Semifinal',102,'Francia','Argentina',2,1,'Francia','Argentina',NULL,NULL,'2026-07-08 10:51:57',0,0,12),(855,18,'Tercer Puesto',103,'Colombia','Argentina',1,0,'Colombia','Argentina',NULL,NULL,'2026-07-08 10:52:13',0,0,0),(856,18,'Final',104,'Noruega','Francia',2,1,'Noruega','Francia',NULL,NULL,'2026-07-08 10:52:29',0,1,0),(857,3,'Cuartos',97,'Francia','Paises Bajos',2,1,'Francia','Paises Bajos',NULL,NULL,'2026-07-08 10:53:34',0,1,10),(858,3,'Cuartos',98,'Colombia','Belgica',1,0,'Colombia','Belgica',NULL,NULL,'2026-07-08 10:53:59',0,1,10),(859,3,'Cuartos',99,'Brasil','Inglaterra',0,1,'Inglaterra','Brasil',NULL,NULL,'2026-07-08 10:54:35',0,1,10),(860,3,'Cuartos',100,'Argentina','Portugal',2,0,'Argentina','Portugal',NULL,NULL,'2026-07-08 10:54:47',0,1,10),(861,19,'Cuartos',97,'Francia','Paises Bajos',3,1,'Francia','Paises Bajos',NULL,NULL,'2026-07-08 10:55:23',0,1,10),(862,19,'Cuartos',98,'España','Turquia',1,0,'España','Turquia',NULL,NULL,'2026-07-08 10:55:28',0,1,10),(863,19,'Cuartos',99,'Brasil','Mexico',2,0,'Brasil','Mexico',NULL,NULL,'2026-07-08 10:55:45',0,0,0),(864,19,'Cuartos',100,'Argentina','Colombia',2,1,'Argentina','Colombia',NULL,NULL,'2026-07-08 10:56:02',0,1,10),(865,11,'Semifinal',101,'Francia','España',1,2,'España','Francia',NULL,NULL,'2026-07-08 10:56:13',0,1,24),(866,11,'Semifinal',102,'Inglaterra','Argentina',3,2,'Inglaterra','Argentina',NULL,NULL,'2026-07-08 10:57:00',0,0,24),(867,11,'Tercer Puesto',103,'Francia','Argentina',3,1,'Francia','Argentina',NULL,NULL,'2026-07-08 10:57:10',0,0,13),(868,11,'Final',104,'España','Inglaterra',2,1,'España','Inglaterra',NULL,NULL,'2026-07-08 10:57:25',0,1,15),(869,17,'Semifinal',101,'Francia','Belgica',3,1,'Francia','Belgica',NULL,NULL,'2026-07-08 10:57:37',0,0,12),(870,17,'Semifinal',102,'Noruega','Argentina',2,1,'Noruega','Argentina',NULL,NULL,'2026-07-08 10:57:47',0,0,12),(871,19,'Semifinal',101,'Francia','España',2,1,'Francia','España',NULL,NULL,'2026-07-08 10:57:49',0,0,24),(872,19,'Semifinal',102,'Brasil','Argentina',1,2,'Argentina','Brasil',NULL,NULL,'2026-07-08 10:58:03',0,3,12),(873,19,'Tercer Puesto',103,'España','Brasil',2,1,'España','Brasil',NULL,NULL,'2026-07-08 10:58:13',0,0,0),(874,17,'Tercer Puesto',103,'Belgica','Argentina',0,3,'Argentina','Belgica',NULL,NULL,'2026-07-08 10:58:14',0,1,0),(875,19,'Final',104,'Francia','Argentina',3,2,'Francia','Argentina',NULL,NULL,'2026-07-08 10:58:31',0,1,15),(876,17,'Final',104,'Francia','Noruega',1,1,'Francia','Noruega',NULL,NULL,'2026-07-08 10:58:37',0,0,0),(877,3,'Semifinal',101,'Francia','Colombia',1,0,'Francia','Colombia',NULL,NULL,'2026-07-08 11:09:10',0,0,12),(878,3,'Semifinal',102,'Inglaterra','Argentina',1,2,'Argentina','Inglaterra',NULL,NULL,'2026-07-08 11:09:36',0,3,24),(879,3,'Tercer Puesto',103,'Colombia','Inglaterra',0,1,'Inglaterra','Colombia',NULL,NULL,'2026-07-08 11:09:54',0,1,13),(880,3,'Final',104,'Francia','Argentina',2,1,'Francia','Argentina',NULL,NULL,'2026-07-08 11:10:06',0,1,15),(881,12,'Cuartos',97,'Francia','Marruecos',1,0,'Francia','Marruecos',NULL,NULL,'2026-07-08 11:24:48',0,1,20),(882,12,'Cuartos',98,'Colombia','Suecia',2,1,'Colombia','Suecia',NULL,NULL,'2026-07-08 11:26:15',0,3,0),(883,12,'Cuartos',100,'Argentina','Portugal',1,1,'Argentina','Portugal',NULL,NULL,'2026-07-08 11:29:28',0,0,10),(884,12,'Cuartos',99,'Noruega','Inglaterra',1,1,'Inglaterra','Noruega',NULL,NULL,'2026-07-08 11:30:08',0,0,20),(885,20,'Semifinal',102,'Brasil','Portugal',2,3,'Portugal','Brasil',NULL,NULL,'2026-07-08 12:24:23',0,1,0),(886,20,'Semifinal',101,'Francia','Colombia',3,2,'Francia','Colombia',NULL,NULL,'2026-07-08 12:24:30',0,0,12),(887,20,'Tercer Puesto',103,'Colombia','Brasil',3,2,'Colombia','Brasil',NULL,NULL,'2026-07-08 12:24:48',0,0,0),(888,20,'Final',104,'Francia','Portugal',3,2,'Francia','Portugal',NULL,NULL,'2026-07-08 12:25:03',0,1,0),(889,27,'Semifinal',101,'Francia','Paraguay',2,1,'Francia','Paraguay',NULL,NULL,'2026-07-11 22:59:43',0,0,12),(890,27,'Semifinal',102,'Inglaterra','Argentina',3,1,'Inglaterra','Argentina',NULL,NULL,'2026-07-11 23:00:00',0,0,24),(891,27,'Tercer Puesto',103,'Paraguay','Argentina',2,1,'Paraguay','Argentina',NULL,NULL,'2026-07-11 23:00:37',0,0,0),(892,27,'Final',104,'Francia','Inglaterra',3,2,'Francia','Inglaterra',NULL,NULL,'2026-07-11 23:01:05',0,1,0),(893,12,'Semifinal',101,'Francia','Colombia',2,1,'Francia','Colombia',NULL,NULL,'2026-07-14 10:05:32',0,0,12),(894,12,'Semifinal',102,'Inglaterra','Argentina',1,1,'Argentina','Inglaterra',NULL,NULL,'2026-07-14 10:05:53',0,0,24);
/*!40000 ALTER TABLE `partidos_eliminacion` ENABLE KEYS */;
UNLOCK TABLES;

--
-- Table structure for table `predicciones`
--

DROP TABLE IF EXISTS `predicciones`;
/*!40101 SET @saved_cs_client     = @@character_set_client */;
/*!50503 SET character_set_client = utf8mb4 */;
CREATE TABLE `predicciones` (
  `id` int NOT NULL AUTO_INCREMENT,
  `usuario_id` int DEFAULT NULL,
  `partido_id` int DEFAULT NULL,
  `goles_local` int DEFAULT NULL,
  `goles_visitante` int DEFAULT NULL,
  `ganador` int DEFAULT NULL,
  `puntos` int DEFAULT NULL,
  PRIMARY KEY (`id`),
  KEY `usuario_id` (`usuario_id`),
  KEY `partido_id` (`partido_id`),
  CONSTRAINT `predicciones_ibfk_1` FOREIGN KEY (`usuario_id`) REFERENCES `usuarios` (`id`),
  CONSTRAINT `predicciones_ibfk_2` FOREIGN KEY (`partido_id`) REFERENCES `partidos` (`id`)
) ENGINE=InnoDB AUTO_INCREMENT=1741 DEFAULT CHARSET=utf8mb4;
/*!40101 SET character_set_client = @saved_cs_client */;

--
-- Dumping data for table `predicciones`
--

LOCK TABLES `predicciones` WRITE;
/*!40000 ALTER TABLE `predicciones` DISABLE KEYS */;
INSERT INTO `predicciones` VALUES (80,4,1,2,1,1,1),(81,4,2,3,2,1,1),(82,4,3,0,1,2,0),(83,4,4,2,1,1,1),(84,4,5,0,1,2,1),(85,4,6,1,1,0,0),(86,5,1,2,1,1,1),(87,5,2,2,2,0,0),(88,5,3,1,2,2,0),(89,5,4,2,1,1,1),(90,5,7,2,1,1,0),(91,5,5,1,3,2,1),(92,5,6,2,1,1,1),(93,5,8,1,2,2,0),(94,5,9,2,2,0,0),(95,5,10,2,2,0,0),(96,5,11,3,1,1,1),(97,5,12,2,1,1,1),(98,5,13,3,2,1,0),(99,5,14,1,3,2,1),(100,5,15,4,0,1,1),(101,5,16,1,3,2,1),(102,5,17,1,3,2,1),(103,5,18,4,1,1,1),(104,5,19,2,2,0,0),(105,5,20,1,2,2,0),(106,5,21,2,1,1,0),(107,5,22,2,2,0,0),(108,5,23,2,1,1,1),(109,5,24,2,1,1,0),(110,5,25,4,0,1,1),(111,5,26,1,1,0,0),(112,5,27,2,1,1,3),(113,5,28,3,0,1,0),(114,4,7,1,0,1,0),(115,5,29,2,2,0,0),(116,4,8,0,2,2,0),(117,5,30,1,3,2,1),(118,4,9,3,1,1,1),(119,4,10,2,0,1,1),(120,4,11,1,1,0,0),(121,5,31,2,2,0,3),(122,4,12,1,0,1,1),(123,5,32,3,1,1,1),(124,5,33,3,1,1,1),(125,5,34,1,3,2,1),(126,4,13,2,1,1,0),(127,4,14,1,0,1,0),(128,5,35,2,1,1,0),(129,5,36,1,3,2,3),(130,4,15,3,1,1,1),(131,5,37,2,2,0,3),(132,4,16,0,2,2,1),(133,4,17,0,3,2,3),(134,4,18,2,1,1,1),(135,5,38,3,2,1,0),(136,5,39,3,1,1,0),(137,4,19,1,1,0,0),(138,4,20,1,2,2,0),(139,4,21,3,2,1,0),(140,5,40,1,3,2,3),(141,4,22,1,2,2,0),(142,4,23,2,2,0,0),(143,5,41,1,3,2,1),(144,4,24,3,2,1,0),(145,4,25,3,0,1,1),(146,5,42,3,1,1,0),(147,4,26,1,2,2,0),(148,4,27,2,1,1,3),(149,5,43,4,0,1,0),(150,4,28,3,1,1,0),(151,5,44,1,2,2,0),(152,4,29,1,2,2,0),(153,5,45,3,0,1,1),(154,5,46,3,1,1,0),(155,5,47,2,3,2,1),(156,4,30,2,2,0,0),(157,5,48,0,2,2,0),(158,4,31,3,2,1,0),(159,4,32,1,4,2,0),(160,5,49,2,2,0,0),(161,4,33,3,2,1,1),(162,4,34,1,0,1,0),(163,4,35,1,4,2,0),(164,5,50,0,3,2,1),(165,4,36,1,3,2,3),(166,5,51,3,0,1,3),(167,4,37,2,2,0,3),(168,4,38,3,2,1,0),(169,5,52,3,1,1,1),(170,4,39,4,4,0,1),(171,5,53,2,2,0,0),(172,5,54,3,1,1,1),(173,5,55,3,1,1,1),(174,5,56,2,1,1,1),(175,5,57,2,1,1,1),(176,5,58,1,2,2,3),(177,4,40,2,1,1,0),(178,5,59,1,3,2,3),(179,4,41,1,2,2,1),(180,4,42,1,1,0,3),(181,5,60,2,2,0,1),(182,4,43,4,2,1,0),(183,5,61,3,0,1,0),(184,4,44,1,2,2,0),(185,5,62,1,3,2,3),(186,4,45,3,1,1,1),(187,5,63,2,0,1,1),(188,4,46,2,1,1,0),(189,5,64,3,0,1,1),(190,5,65,3,2,1,0),(191,5,66,2,2,0,0),(192,5,67,2,2,0,0),(193,5,68,2,1,1,1),(194,5,69,3,2,1,0),(195,5,70,0,2,2,1),(196,5,71,0,3,2,1),(197,5,72,2,1,1,3),(263,2,1,2,0,1,3),(264,2,2,1,0,1,1),(265,2,3,1,1,0,3),(266,2,4,1,1,0,0),(267,2,5,1,2,2,1),(268,2,6,0,2,2,0),(269,4,47,1,2,2,1),(270,4,48,3,1,1,0),(271,4,49,3,1,1,3),(272,4,50,0,2,2,1),(273,4,51,2,0,1,1),(274,4,52,3,1,1,1),(275,4,53,1,2,2,1),(276,4,54,1,1,0,0),(277,4,55,2,1,1,1),(278,4,56,3,1,1,3),(279,4,57,3,0,1,1),(280,4,58,1,2,2,3),(281,4,59,0,3,2,1),(282,4,60,1,2,2,0),(283,4,61,3,1,1,0),(284,4,62,0,3,2,1),(285,4,63,3,0,1,1),(286,4,64,3,1,1,1),(287,4,65,2,2,0,1),(288,4,66,1,0,1,1),(289,4,67,3,3,0,0),(290,4,68,0,1,2,0),(291,4,69,2,1,1,0),(292,4,70,0,2,2,1),(293,4,71,1,3,2,1),(294,4,72,3,1,1,1),(295,6,1,2,0,1,3),(296,6,2,2,1,1,3),(297,6,3,1,2,2,0),(298,6,4,1,1,0,0),(299,6,5,2,2,0,0),(300,6,6,1,2,2,0),(301,8,1,2,0,1,3),(302,8,2,1,1,0,0),(303,8,3,2,0,1,0),(304,8,4,1,1,0,0),(305,8,5,1,2,2,1),(306,8,6,1,3,2,0),(307,8,7,2,0,1,0),(308,8,8,0,2,2,0),(309,8,9,1,1,0,0),(310,8,10,3,0,1,1),(311,8,11,1,1,0,0),(312,8,12,2,0,1,1),(313,8,13,2,1,1,0),(314,8,14,0,2,2,1),(315,8,15,3,0,1,3),(316,8,16,1,2,2,1),(317,8,17,0,1,2,1),(318,8,18,1,1,0,0),(319,8,19,3,0,1,1),(320,8,20,0,2,2,0),(321,8,21,2,1,1,0),(322,8,22,3,1,1,1),(323,8,23,0,2,2,0),(324,8,24,1,0,1,0),(325,8,25,4,0,1,1),(326,8,26,1,2,2,0),(327,8,27,4,0,1,1),(328,8,28,1,1,0,1),(329,8,29,1,2,2,0),(330,8,30,0,2,2,3),(331,8,31,2,1,1,0),(332,8,32,2,0,1,1),(333,8,33,1,0,1,1),(334,8,34,2,2,0,0),(335,8,35,2,1,1,0),(336,8,36,0,2,2,1),(337,8,37,2,0,1,0),(338,8,38,2,0,1,0),(339,8,39,1,1,0,1),(340,8,40,1,2,2,1),(341,8,41,0,2,2,1),(342,8,42,1,2,2,0),(343,8,43,4,0,1,0),(344,8,44,0,2,2,0),(345,8,45,3,1,1,1),(346,8,46,2,0,1,0),(347,8,47,1,2,2,1),(348,8,48,0,1,2,0),(349,8,49,2,1,1,1),(350,8,50,0,3,2,1),(351,8,51,4,0,1,1),(352,8,52,2,1,1,1),(353,8,53,3,2,1,0),(354,8,54,2,0,1,1),(355,8,55,2,0,1,1),(356,8,56,2,0,1,1),(357,8,57,2,1,1,1),(358,8,58,1,2,2,3),(359,8,59,0,4,2,1),(360,8,60,1,2,2,0),(361,8,61,3,0,1,0),(362,8,62,0,2,2,1),(363,8,63,3,1,1,1),(364,8,64,2,1,1,1),(365,8,65,1,1,0,1),(366,8,66,1,1,0,0),(367,8,67,2,1,1,1),(368,8,68,1,1,0,0),(369,8,69,3,0,1,0),(370,8,70,0,2,2,1),(371,8,71,0,2,2,3),(372,8,72,2,1,1,3),(373,13,1,1,0,1,1),(374,13,2,2,2,0,0),(375,13,3,0,2,2,0),(376,13,4,0,0,0,0),(377,13,5,1,0,1,0),(378,13,6,2,1,1,1),(379,13,7,3,1,1,0),(380,13,8,0,0,0,1),(381,13,9,2,1,1,1),(382,13,10,2,0,1,1),(383,13,11,1,1,0,0),(384,13,12,0,1,2,0),(385,13,13,3,2,1,0),(386,13,14,0,2,2,1),(387,13,15,3,0,1,3),(388,13,16,0,1,2,3),(389,13,17,2,2,0,0),(390,13,18,1,0,1,1),(391,13,19,0,0,0,0),(392,13,20,2,3,2,0),(393,13,21,0,1,2,3),(394,13,22,2,1,1,1),(395,13,23,1,1,0,0),(396,13,24,2,0,1,0),(397,13,25,4,0,1,1),(398,13,26,2,1,1,1),(399,13,27,3,2,1,1),(400,13,28,2,0,1,0),(401,13,29,1,1,0,0),(402,13,30,1,3,2,1),(403,13,31,0,0,0,1),(404,13,32,1,0,1,1),(405,13,33,3,1,1,1),(406,13,34,0,0,0,0),(407,13,35,2,1,1,0),(408,13,36,1,3,2,3),(409,13,37,2,0,1,0),(410,13,38,2,2,0,1),(411,13,39,2,0,1,0),(412,13,40,1,3,2,3),(413,13,41,0,3,2,1),(414,13,42,2,1,1,0),(415,13,43,3,0,1,0),(416,13,44,0,2,2,0),(417,13,45,2,1,1,1),(418,13,46,2,1,1,0),(419,13,47,2,3,2,1),(420,13,48,2,1,1,0),(421,13,49,3,1,1,3),(422,13,50,0,2,2,1),(423,13,51,4,0,1,1),(424,13,52,1,2,2,0),(425,13,53,1,3,2,1),(426,13,54,0,0,0,0),(427,13,55,3,1,1,1),(428,13,56,1,2,2,0),(429,13,57,3,2,1,1),(430,13,58,1,1,0,0),(431,13,59,0,2,2,1),(432,13,60,2,2,0,1),(433,13,61,2,0,1,0),(434,13,62,0,2,2,1),(435,13,63,3,1,1,1),(436,13,64,1,1,0,0),(437,13,65,2,3,2,0),(438,13,66,0,0,0,0),(439,13,67,1,1,0,0),(440,13,68,1,0,1,3),(441,13,69,2,1,1,0),(442,13,70,1,3,2,1),(443,13,71,0,2,2,3),(444,13,72,2,1,1,3),(445,2,7,2,1,1,0),(446,2,8,1,1,0,3),(447,2,9,2,0,1,1),(448,2,10,0,1,2,0),(449,2,11,1,1,0,0),(450,2,12,0,2,2,0),(451,6,7,2,0,1,0),(452,6,8,4,0,1,0),(453,6,9,2,0,1,1),(454,6,10,1,1,0,0),(455,6,11,3,1,1,1),(456,6,12,2,1,1,1),(457,6,13,2,1,1,0),(458,6,14,1,3,2,1),(459,6,15,3,0,1,3),(460,6,16,1,2,2,1),(461,6,17,3,1,1,0),(462,6,18,3,1,1,1),(463,14,1,2,1,1,1),(464,14,2,1,1,0,0),(465,14,3,1,1,0,3),(466,14,4,1,2,2,0),(467,14,5,1,2,2,1),(468,14,6,0,1,2,0),(469,14,7,2,0,1,0),(470,14,8,1,0,1,0),(471,14,9,2,1,1,1),(472,14,10,1,0,1,1),(473,14,11,2,1,1,3),(474,14,12,0,1,2,0),(475,14,13,2,1,1,0),(476,14,14,0,1,2,3),(477,14,15,4,0,1,1),(478,14,16,0,2,2,1),(479,14,17,1,2,2,1),(480,14,18,2,0,1,1),(481,14,19,0,1,2,0),(482,14,20,1,2,2,0),(483,14,21,1,1,0,0),(484,14,22,1,0,1,1),(485,14,23,1,0,1,1),(486,14,24,1,2,2,0),(487,14,25,4,0,1,1),(488,14,26,1,2,2,0),(489,14,27,2,0,1,1),(490,14,28,2,0,1,0),(491,14,29,1,2,2,0),(492,14,30,0,2,2,3),(493,14,31,2,0,1,0),(494,14,32,2,0,1,1),(495,14,33,2,1,1,1),(496,14,34,0,1,2,1),(497,14,35,0,2,2,0),(498,14,36,0,2,2,1),(499,14,37,1,1,0,1),(500,14,38,2,1,1,0),(501,14,39,2,0,1,0),(502,14,40,0,1,2,1),(503,14,41,1,2,2,1),(504,14,42,2,0,1,0),(505,7,1,3,1,1,1),(506,7,2,1,2,2,0),(507,7,3,1,1,0,3),(508,7,4,2,2,0,0),(509,7,5,0,1,2,1),(510,7,6,1,2,2,0),(511,14,43,3,0,1,0),(512,14,44,0,1,2,0),(513,14,45,3,1,1,1),(514,14,46,2,0,1,0),(515,14,47,1,3,2,1),(516,14,48,1,2,2,0),(517,14,49,3,1,1,3),(518,14,50,0,2,2,1),(519,14,51,2,0,1,1),(520,14,52,2,1,1,1),(521,14,53,2,1,1,0),(522,14,54,2,0,1,1),(523,14,55,2,0,1,1),(524,14,56,2,0,1,1),(525,14,57,2,0,1,3),(526,14,58,0,1,2,1),(527,14,59,0,3,2,1),(528,14,60,0,1,2,0),(529,14,61,2,0,1,0),(530,14,62,0,3,2,1),(531,14,63,2,0,1,1),(532,14,64,3,0,1,1),(533,14,65,2,1,1,0),(534,14,66,1,1,0,0),(535,7,7,0,2,2,0),(536,7,8,0,3,2,0),(537,7,9,2,1,1,1),(538,7,10,2,1,1,1),(539,7,11,2,0,1,1),(540,7,12,1,0,1,1),(541,14,67,2,1,1,1),(542,14,68,1,1,0,0),(543,14,69,2,0,1,0),(544,14,70,0,2,2,1),(545,14,71,0,1,2,1),(546,14,72,2,0,1,1),(547,11,1,2,1,1,1),(548,11,2,1,0,1,1),(549,11,3,2,2,0,1),(550,11,4,2,2,0,0),(551,11,5,0,0,0,0),(552,11,6,0,2,2,0),(553,10,1,2,1,1,1),(554,10,2,1,1,0,0),(555,10,3,2,1,1,0),(556,10,4,1,2,2,0),(557,10,5,2,3,2,1),(558,10,6,0,3,2,0),(559,15,1,2,0,1,3),(560,15,2,1,1,0,0),(561,15,3,0,1,2,0),(562,15,4,1,1,0,0),(563,15,5,0,0,0,0),(564,15,6,1,2,2,0),(565,15,7,0,0,0,1),(566,15,8,0,1,2,0),(567,15,9,1,1,0,0),(568,15,10,1,0,1,1),(569,15,11,1,2,2,0),(570,15,12,0,1,2,0),(571,15,13,1,1,0,3),(572,15,14,0,1,2,3),(573,15,15,3,1,1,1),(574,15,16,1,3,2,1),(575,15,17,1,2,2,1),(576,15,18,2,1,1,1),(577,15,19,0,0,0,0),(578,15,20,1,1,0,0),(579,15,21,0,1,2,3),(580,15,22,1,0,1,1),(581,15,23,1,1,0,0),(582,15,24,1,0,1,0),(583,15,25,4,0,1,1),(584,15,26,2,1,1,1),(585,15,27,1,1,0,0),(586,15,28,2,0,1,0),(587,15,29,1,1,0,0),(588,15,30,0,2,2,3),(589,15,31,1,0,1,0),(590,15,32,1,1,0,0),(591,15,33,2,0,1,1),(592,15,34,1,2,2,1),(593,15,35,1,1,0,3),(594,15,36,0,1,2,1),(595,15,37,1,0,1,0),(596,15,38,1,1,0,3),(597,15,39,2,1,1,0),(598,15,40,1,3,2,3),(599,15,41,0,2,2,1),(600,15,42,1,1,0,3),(601,15,43,2,0,1,0),(602,15,44,1,2,2,0),(603,15,45,1,0,1,1),(604,15,46,2,0,1,0),(605,15,47,0,0,0,0),(606,15,48,1,1,0,1),(607,15,49,1,1,0,0),(608,15,50,0,1,2,1),(609,15,51,2,0,1,1),(610,15,52,1,2,2,0),(611,15,53,0,1,2,1),(612,15,54,1,0,1,1),(613,15,55,3,0,1,3),(614,15,56,0,1,2,0),(615,15,57,2,1,1,1),(616,15,58,1,1,0,0),(617,15,59,1,3,2,3),(618,15,60,0,0,0,1),(619,15,61,3,0,1,0),(620,15,62,0,1,2,1),(621,15,63,1,0,1,1),(622,15,64,1,0,1,3),(623,15,65,0,0,0,3),(624,15,66,1,0,1,1),(625,15,67,2,1,1,1),(626,15,68,2,0,1,1),(627,15,69,1,1,0,1),(628,15,70,0,0,0,0),(629,15,71,0,1,2,1),(630,15,72,2,1,1,3),(631,16,7,2,1,1,0),(632,16,8,0,2,2,0),(633,16,9,2,1,1,1),(634,16,10,2,0,1,1),(635,16,11,1,1,0,0),(636,16,12,2,1,1,1),(637,16,1,2,0,1,3),(638,16,2,2,1,1,3),(639,16,3,2,1,1,0),(640,16,4,1,2,2,0),(641,16,5,1,2,2,1),(642,16,6,1,2,2,0),(643,16,13,2,1,1,0),(644,16,14,1,2,2,1),(645,16,15,2,0,1,1),(646,16,16,0,2,2,1),(647,16,17,1,2,2,1),(648,16,18,2,1,1,1),(649,16,19,1,1,0,0),(650,16,20,1,2,2,0),(651,16,21,1,2,2,1),(652,16,22,2,1,1,1),(653,16,23,1,2,2,0),(654,16,24,2,0,1,0),(655,16,25,3,0,1,1),(656,16,26,1,2,2,0),(657,16,27,2,1,1,3),(658,16,28,2,1,1,0),(659,16,29,1,2,2,0),(660,16,30,1,2,2,1),(661,16,31,2,1,1,0),(662,16,32,1,1,0,0),(663,16,33,2,1,1,1),(664,16,34,1,2,2,1),(665,16,35,2,1,1,0),(666,16,36,0,2,2,1),(667,16,37,1,1,0,1),(668,16,38,2,1,1,0),(669,16,39,3,0,1,0),(670,16,40,0,1,2,1),(671,16,41,0,3,2,1),(672,16,42,2,1,1,0),(673,16,43,4,0,1,0),(674,16,44,1,1,0,3),(675,16,45,3,0,1,1),(676,16,46,2,0,1,0),(677,16,47,0,1,2,3),(678,16,48,1,1,0,1),(679,17,1,1,0,1,1),(680,17,2,0,1,2,0),(681,17,3,1,1,0,3),(682,17,4,1,2,2,0),(683,17,5,2,0,1,0),(684,17,6,0,1,2,0),(685,16,49,4,1,1,1),(686,16,50,0,2,2,1),(687,16,51,3,0,1,3),(688,16,52,2,1,1,1),(689,16,53,1,2,2,1),(690,16,54,2,1,1,1),(691,16,55,2,1,1,1),(692,16,56,2,0,1,1),(693,16,57,2,1,1,1),(694,16,58,1,2,2,3),(695,16,59,0,3,2,1),(696,16,60,1,1,0,1),(697,16,61,3,1,1,0),(698,16,62,0,1,2,1),(699,16,63,2,0,1,1),(700,16,64,2,1,1,1),(701,16,65,1,1,0,1),(702,16,66,2,1,1,1),(703,16,67,2,1,1,1),(704,16,68,2,1,1,1),(705,16,69,2,0,1,0),(706,16,70,0,2,2,1),(707,16,71,0,2,2,3),(708,16,72,1,0,1,1),(709,19,1,2,1,1,1),(710,19,2,2,0,1,1),(711,19,3,1,1,0,3),(712,19,4,1,0,1,3),(713,19,5,1,2,2,1),(714,19,6,1,2,2,0),(715,25,1,2,0,1,3),(716,25,2,1,1,0,0),(717,25,3,2,0,1,0),(718,25,4,1,1,0,0),(719,25,5,1,2,2,1),(720,25,6,0,2,2,0),(721,25,7,1,1,0,3),(722,25,8,0,2,2,0),(723,25,9,1,0,1,1),(724,25,10,2,0,1,1),(725,25,11,1,1,0,0),(726,25,12,2,1,1,1),(727,20,1,2,1,1,1),(728,20,2,1,1,0,0),(729,20,3,1,0,1,0),(730,20,4,2,1,1,1),(731,20,5,1,1,0,0),(732,20,6,1,2,2,0),(733,12,1,2,1,1,1),(734,18,1,2,1,1,1),(735,18,2,3,1,1,1),(736,18,3,1,2,2,0),(737,18,4,2,2,0,0),(738,18,5,1,2,2,1),(739,18,6,1,1,0,0),(740,26,1,4,1,1,1),(741,26,2,2,1,1,3),(742,26,3,2,1,1,0),(743,26,4,2,1,1,1),(744,26,5,1,1,0,0),(745,26,6,1,2,2,0),(746,26,7,2,1,1,0),(747,26,8,1,2,2,0),(748,26,9,2,0,1,1),(749,26,10,2,1,1,1),(750,26,11,1,1,0,0),(751,26,12,1,2,2,0),(752,3,1,2,0,1,3),(753,26,13,2,1,1,0),(754,26,14,1,3,2,1),(755,26,15,3,0,1,3),(756,26,16,1,2,2,1),(757,26,17,1,2,2,1),(758,26,18,2,0,1,1),(759,26,19,2,1,1,1),(760,26,20,1,1,0,0),(761,26,21,1,2,2,1),(762,26,22,2,0,1,3),(763,26,23,1,1,0,0),(764,26,24,2,1,1,0),(765,26,25,4,0,1,1),(766,26,26,1,2,2,0),(767,26,27,3,1,1,1),(768,26,28,3,0,1,0),(769,26,29,1,2,2,0),(770,26,30,0,2,2,3),(771,26,31,2,1,1,0),(772,26,32,1,1,0,0),(773,26,33,1,0,1,1),(774,26,34,1,2,2,1),(775,26,35,2,1,1,0),(776,26,36,1,2,2,1),(777,26,37,1,1,0,1),(778,26,38,2,1,1,0),(779,26,39,2,1,1,0),(780,26,40,1,2,2,1),(781,26,41,0,2,2,1),(782,26,42,2,0,1,0),(783,26,43,4,0,1,0),(784,26,44,1,2,2,0),(785,26,45,3,1,1,1),(786,26,46,3,0,1,0),(787,26,47,1,2,2,1),(788,26,48,1,2,2,0),(789,26,49,3,1,1,3),(790,26,50,1,2,2,1),(791,26,51,3,0,1,3),(792,26,52,2,0,1,1),(793,26,53,1,2,2,1),(794,26,54,2,1,1,1),(795,26,55,4,1,1,1),(796,26,56,2,0,1,1),(797,26,57,2,0,1,3),(798,26,58,1,2,2,3),(799,26,59,0,3,2,1),(800,26,60,1,2,2,0),(801,26,61,3,1,1,0),(802,26,62,0,3,2,1),(803,26,63,2,0,1,1),(804,26,64,3,0,1,1),(805,26,65,2,1,1,0),(806,26,66,1,1,0,0),(807,26,67,1,1,0,0),(808,26,68,2,1,1,1),(809,26,69,2,1,1,0),(810,26,70,1,3,2,1),(811,26,71,1,3,2,1),(812,26,72,2,1,1,3),(813,3,2,1,2,2,0),(814,3,3,2,1,1,0),(815,3,4,2,1,1,1),(816,3,5,1,2,2,1),(817,3,6,0,1,2,0),(818,3,7,1,0,1,0),(819,3,8,0,2,2,0),(820,3,9,2,1,1,1),(821,3,10,2,0,1,1),(822,3,11,1,1,0,0),(823,3,12,1,0,1,1),(824,3,13,1,1,0,3),(825,3,14,0,2,2,1),(826,3,15,3,0,1,3),(827,3,16,1,2,2,1),(828,3,17,1,2,2,1),(829,3,18,2,0,1,1),(830,3,19,1,0,1,1),(831,3,20,1,2,2,0),(832,3,21,1,0,1,0),(833,3,22,2,1,1,1),(834,3,23,1,1,0,0),(835,3,24,1,0,1,0),(836,3,25,3,0,1,1),(837,3,26,1,1,0,0),(838,3,27,2,1,1,3),(839,3,28,2,0,1,0),(840,3,29,0,2,2,0),(841,3,30,0,2,2,3),(842,3,31,2,1,1,0),(843,3,32,2,0,1,1),(844,3,33,2,1,1,1),(845,3,34,0,1,2,1),(846,3,35,0,0,0,1),(847,3,36,0,2,2,1),(848,3,37,2,0,1,0),(849,3,38,2,1,1,0),(850,3,39,1,0,1,0),(851,3,40,1,2,2,1),(852,3,41,0,2,2,1),(853,3,42,1,1,0,3),(854,3,43,3,0,1,0),(855,3,44,0,2,2,0),(856,3,45,2,1,1,1),(857,3,46,2,0,1,0),(858,3,47,1,2,2,1),(859,3,48,0,1,2,0),(860,3,49,2,1,1,1),(861,3,50,0,2,2,1),(862,3,51,3,0,1,3),(863,3,52,1,1,0,0),(864,3,53,1,2,2,1),(865,3,54,2,0,1,1),(866,3,55,2,0,1,1),(867,3,56,2,0,1,1),(868,3,57,2,1,1,1),(869,3,58,0,1,2,1),(870,3,59,0,2,2,1),(871,3,60,1,2,2,0),(872,3,61,3,0,1,0),(873,3,62,0,3,2,1),(874,3,63,3,1,1,1),(875,3,64,2,0,1,1),(876,3,65,1,1,0,1),(877,3,66,1,1,0,0),(878,3,67,1,0,1,1),(879,3,68,2,1,1,1),(880,3,69,3,1,1,0),(881,3,70,1,2,2,1),(882,3,71,0,2,2,3),(883,3,72,2,0,1,1),(884,12,2,1,1,0,0),(885,12,3,2,1,1,0),(886,12,4,2,2,0,0),(887,12,5,1,2,2,1),(888,12,6,0,2,2,0),(889,10,7,1,1,0,3),(890,10,8,0,2,2,0),(891,10,9,2,0,1,1),(892,10,10,2,1,1,1),(893,10,11,1,1,0,0),(894,10,12,1,1,0,0),(895,10,13,3,1,1,0),(896,10,14,1,2,2,1),(897,10,15,4,0,1,1),(898,10,16,1,1,0,0),(899,10,17,1,2,2,1),(900,10,18,2,0,1,1),(901,10,19,2,1,1,1),(902,10,20,1,1,0,0),(903,10,21,2,1,1,0),(904,10,22,2,0,1,3),(905,10,23,1,1,0,0),(906,10,24,2,1,1,0),(907,17,7,2,0,1,0),(908,17,8,1,3,2,0),(909,17,9,1,1,0,0),(910,17,10,2,0,1,1),(911,17,11,1,2,2,0),(912,17,12,1,0,1,1),(913,17,13,1,0,1,0),(914,17,14,1,1,0,0),(915,17,15,2,0,1,1),(916,17,16,0,2,2,1),(917,17,17,1,2,2,1),(918,17,18,3,0,1,1),(919,17,19,2,1,1,1),(920,17,20,0,1,2,0),(921,17,21,0,2,2,1),(922,17,22,3,1,1,1),(923,17,23,0,2,2,0),(924,17,24,2,0,1,0),(925,17,25,3,0,1,1),(926,17,26,1,2,2,0),(927,17,27,2,0,1,1),(928,17,28,2,0,1,0),(929,17,29,1,2,2,0),(930,17,30,0,2,2,3),(931,17,67,2,1,1,1),(932,17,68,2,2,0,0),(933,17,69,2,1,1,0),(934,17,70,0,2,2,1),(935,17,71,1,3,2,1),(936,17,72,3,1,1,1),(937,17,31,2,0,1,0),(938,17,32,2,0,1,1),(939,17,33,2,1,1,1),(940,17,34,0,3,2,1),(941,17,35,2,1,1,0),(942,17,36,1,4,2,1),(943,10,25,3,0,1,1),(944,10,26,2,1,1,1),(945,10,27,2,1,1,3),(946,10,28,2,0,1,0),(947,10,29,1,2,2,0),(948,10,30,1,2,2,1),(949,17,49,3,0,1,1),(950,17,50,0,3,2,1),(951,17,51,2,0,1,1),(952,17,52,2,0,1,1),(953,17,53,2,2,0,0),(954,17,54,2,0,1,1),(955,17,37,2,1,1,0),(956,17,38,3,2,1,0),(957,17,39,2,1,1,0),(958,17,40,0,2,2,1),(959,17,41,0,3,2,1),(960,17,42,2,1,1,0),(961,17,43,3,0,1,0),(962,17,44,1,0,1,0),(963,17,45,2,0,1,1),(964,17,46,2,1,1,0),(965,17,47,2,3,2,1),(966,17,48,1,3,2,0),(967,10,31,2,1,1,0),(968,10,32,2,0,1,1),(969,10,33,1,1,0,0),(970,10,34,0,2,2,1),(971,10,35,1,1,0,3),(972,10,36,0,3,2,1),(973,17,55,2,0,1,1),(974,17,56,2,1,1,1),(975,17,57,3,0,1,1),(976,17,58,2,2,0,0),(977,17,59,0,4,2,1),(978,17,60,2,2,0,1),(979,17,61,2,0,1,0),(980,17,62,0,2,2,1),(981,17,63,3,1,1,1),(982,17,64,2,1,1,1),(983,17,65,2,2,0,1),(984,17,66,1,0,1,1),(985,18,7,1,0,1,0),(986,18,8,1,0,1,0),(987,18,9,0,0,0,0),(988,18,10,2,0,1,1),(989,18,11,2,0,1,1),(990,18,12,3,2,1,1),(991,10,37,2,0,1,0),(992,10,38,2,1,1,0),(993,10,39,2,0,1,0),(994,10,40,1,1,0,0),(995,10,41,0,3,2,1),(996,10,42,1,1,0,3),(997,18,13,3,1,1,0),(998,18,14,1,1,0,0),(999,18,15,2,0,1,1),(1000,18,16,1,1,0,0),(1001,18,17,0,3,2,3),(1002,18,18,2,2,0,0),(1003,10,43,3,0,1,0),(1004,10,44,1,2,2,0),(1005,10,45,2,0,1,1),(1006,10,46,2,0,1,0),(1007,10,47,1,2,2,1),(1008,10,48,1,1,0,1),(1009,10,49,2,1,1,1),(1010,10,50,1,2,2,1),(1011,10,51,3,0,1,3),(1012,10,52,2,1,1,1),(1013,10,53,1,1,0,0),(1014,10,54,2,0,1,1),(1015,18,19,2,3,2,0),(1016,18,20,0,2,2,0),(1017,18,21,1,1,0,0),(1018,18,22,2,1,1,1),(1019,18,23,2,1,1,1),(1020,18,24,3,2,1,0),(1021,10,55,3,0,1,3),(1022,10,56,2,0,1,1),(1023,10,57,2,1,1,1),(1024,10,58,1,1,0,0),(1025,10,59,0,2,2,1),(1026,10,60,1,2,2,0),(1027,10,61,3,0,1,0),(1028,10,62,1,2,2,1),(1029,10,63,2,0,1,1),(1030,10,64,2,1,1,1),(1031,10,65,1,1,0,1),(1032,10,66,1,1,0,0),(1033,10,67,2,1,1,1),(1034,10,68,2,0,1,1),(1035,10,69,3,1,1,0),(1036,10,70,1,2,2,1),(1037,10,71,0,3,2,1),(1038,10,72,1,1,0,0),(1039,11,7,2,0,1,0),(1040,11,8,2,1,1,0),(1041,11,9,1,1,0,0),(1042,11,10,0,1,2,0),(1043,11,11,1,2,2,0),(1044,11,12,1,3,2,0),(1045,11,13,2,1,1,0),(1046,11,14,0,2,2,1),(1047,11,15,3,0,1,3),(1048,11,16,1,3,2,1),(1049,11,17,0,2,2,1),(1050,11,18,3,0,1,1),(1051,11,19,2,2,0,0),(1052,11,20,1,1,0,0),(1053,11,21,1,2,2,1),(1054,11,22,2,0,1,3),(1055,11,23,0,1,2,0),(1056,11,24,2,1,1,0),(1057,11,25,4,0,1,1),(1058,11,26,1,2,2,0),(1059,11,27,3,1,1,1),(1060,11,28,2,0,1,0),(1061,11,29,2,3,2,0),(1062,11,30,1,2,2,1),(1063,11,31,2,1,1,0),(1064,11,32,2,1,1,1),(1065,11,33,3,1,1,1),(1066,11,34,0,2,2,1),(1067,11,35,1,0,1,0),(1068,11,36,1,4,2,1),(1069,11,37,2,2,0,3),(1070,11,38,3,1,1,0),(1071,11,39,2,0,1,0),(1072,11,40,1,2,2,1),(1073,11,41,0,2,2,1),(1074,11,42,1,0,1,0),(1075,11,43,3,0,1,0),(1076,11,44,2,2,0,1),(1077,11,45,2,1,1,1),(1078,11,46,3,1,1,0),(1079,11,47,2,3,2,1),(1080,11,48,0,2,2,0),(1081,11,49,3,1,1,3),(1082,11,50,0,2,2,1),(1083,11,51,3,0,1,3),(1084,11,52,2,0,1,1),(1085,11,53,1,3,2,1),(1086,11,54,2,1,1,1),(1087,11,55,2,1,1,1),(1088,11,56,2,0,1,1),(1089,11,57,3,1,1,1),(1090,11,58,1,2,2,3),(1091,11,59,0,3,2,1),(1092,11,60,2,3,2,0),(1093,11,61,3,0,1,0),(1094,11,62,0,2,2,1),(1095,11,63,2,1,1,1),(1096,11,64,3,1,1,1),(1097,11,65,3,2,1,0),(1098,11,66,1,3,2,0),(1099,11,67,4,2,1,3),(1100,11,68,2,1,1,1),(1101,11,69,3,1,1,0),(1102,11,70,0,2,2,1),(1103,11,71,0,3,2,1),(1104,11,72,3,2,1,1),(1105,18,25,5,0,1,1),(1106,18,26,1,2,2,0),(1107,18,27,2,0,1,1),(1108,18,28,3,1,1,0),(1109,18,29,0,1,2,0),(1110,18,30,1,2,2,1),(1111,18,31,1,2,2,0),(1112,18,32,2,1,1,1),(1113,18,33,1,0,1,1),(1114,18,34,1,2,2,1),(1115,18,35,1,3,2,0),(1116,18,36,0,2,2,1),(1117,6,19,1,2,2,0),(1118,6,20,0,2,2,0),(1119,6,21,1,1,0,0),(1120,6,22,2,1,1,1),(1121,6,23,2,1,1,1),(1122,6,24,2,0,1,0),(1123,19,7,3,1,1,0),(1124,19,8,0,2,2,0),(1125,19,9,2,0,1,1),(1126,19,10,3,0,1,1),(1127,19,11,1,1,0,0),(1128,19,12,2,1,1,1),(1129,19,13,2,1,1,0),(1130,19,14,1,2,2,1),(1131,19,15,5,0,1,1),(1132,19,16,1,1,0,0),(1133,19,17,0,2,2,1),(1134,19,18,3,0,1,1),(1135,19,19,1,1,0,0),(1136,19,20,1,2,2,0),(1137,19,21,2,0,1,0),(1138,19,22,2,1,1,1),(1139,19,23,2,1,1,1),(1140,19,24,1,1,0,1),(1141,19,25,6,0,1,1),(1142,19,26,1,2,2,0),(1143,19,27,2,1,1,3),(1144,19,28,3,0,1,0),(1145,19,29,1,2,2,0),(1146,19,30,0,2,2,3),(1147,19,31,2,1,1,0),(1148,19,32,1,0,1,1),(1149,19,33,1,1,0,0),(1150,19,34,1,2,2,1),(1151,19,35,1,1,0,3),(1152,19,36,0,2,2,1),(1153,19,37,2,0,1,0),(1154,19,38,2,1,1,0),(1155,19,39,1,1,0,1),(1156,19,40,0,1,2,1),(1157,19,41,0,2,2,1),(1158,19,42,1,1,0,3),(1159,19,43,4,0,1,0),(1160,19,44,0,2,2,0),(1161,19,45,3,1,1,1),(1162,19,46,2,1,1,0),(1163,19,47,1,1,0,0),(1164,19,48,1,0,1,0),(1165,19,49,2,1,1,1),(1166,19,50,1,2,2,1),(1167,19,51,3,0,1,3),(1168,19,52,1,1,0,0),(1169,19,53,1,2,2,1),(1170,19,54,2,0,1,1),(1171,19,55,2,1,1,1),(1172,19,56,2,0,1,1),(1173,19,57,2,0,1,3),(1174,19,58,0,2,2,1),(1175,19,59,0,3,2,1),(1176,19,60,1,1,0,1),(1177,12,7,2,1,1,0),(1178,12,8,1,2,2,0),(1179,12,9,2,0,1,1),(1180,12,10,1,0,1,1),(1181,12,11,1,1,0,0),(1182,12,12,1,1,0,0),(1183,19,61,2,0,1,0),(1184,19,62,0,2,2,1),(1185,19,63,3,0,1,1),(1186,19,64,2,1,1,1),(1187,19,65,2,1,1,0),(1188,19,66,2,0,1,1),(1189,12,13,2,1,1,0),(1190,12,14,1,3,2,1),(1191,12,15,3,0,1,3),(1192,12,16,1,2,2,1),(1193,12,17,1,1,0,0),(1194,12,18,2,0,1,1),(1195,19,67,2,1,1,1),(1196,19,68,2,0,1,1),(1197,19,69,2,0,1,0),(1198,19,70,0,2,2,1),(1199,19,71,0,4,2,1),(1200,19,72,2,1,1,3),(1201,12,19,2,0,1,1),(1202,12,20,0,2,2,0),(1203,12,21,1,1,0,0),(1204,12,22,2,1,1,1),(1205,12,23,2,1,1,1),(1206,12,24,2,1,1,0),(1207,9,1,2,0,1,0),(1208,9,2,2,1,1,0),(1209,9,3,2,0,1,0),(1210,9,4,1,2,2,0),(1211,9,5,1,1,0,0),(1212,9,6,0,3,2,0),(1213,9,7,2,0,1,0),(1214,9,8,0,2,2,0),(1215,9,9,2,1,1,1),(1216,9,10,2,0,1,1),(1217,9,11,1,1,0,0),(1218,9,12,2,0,1,1),(1219,9,13,2,1,1,0),(1220,9,14,0,3,2,1),(1221,9,15,4,0,1,1),(1222,9,16,1,2,2,1),(1223,9,17,0,1,2,1),(1224,9,18,3,0,1,1),(1225,9,19,2,1,1,1),(1226,9,20,0,1,2,0),(1227,9,21,1,1,0,0),(1228,9,22,3,0,1,1),(1229,9,23,1,1,0,0),(1230,9,24,2,0,1,0),(1231,9,25,5,0,1,1),(1232,9,26,1,1,0,0),(1233,9,27,1,2,2,0),(1234,9,28,2,0,1,0),(1235,9,29,1,2,2,0),(1236,9,30,0,3,2,1),(1237,9,31,2,2,0,3),(1238,9,32,1,0,1,1),(1239,9,33,2,0,1,1),(1240,9,34,0,3,2,1),(1241,9,35,2,1,1,0),(1242,9,36,0,3,2,1),(1243,9,37,1,1,0,1),(1244,9,38,3,1,1,0),(1245,9,39,3,0,1,0),(1246,9,40,0,2,2,1),(1247,9,41,0,3,2,1),(1248,9,42,2,0,1,0),(1249,9,43,6,1,1,0),(1250,9,44,1,1,0,3),(1251,9,45,3,0,1,1),(1252,9,46,1,0,1,0),(1253,9,47,0,2,2,1),(1254,9,48,1,1,0,1),(1255,9,49,2,1,1,1),(1256,9,50,0,2,2,1),(1257,9,51,3,0,1,3),(1258,9,52,2,1,1,1),(1259,9,53,2,2,0,0),(1260,9,54,3,0,1,1),(1261,9,55,2,1,1,1),(1262,9,56,2,0,1,1),(1263,9,57,2,0,1,3),(1264,9,58,0,3,2,1),(1265,9,59,0,2,2,1),(1266,9,60,2,0,1,0),(1267,9,61,3,0,1,0),(1268,9,62,0,2,2,1),(1269,9,63,2,0,1,1),(1270,9,64,2,1,1,1),(1271,9,65,1,1,0,1),(1272,9,66,1,1,0,0),(1273,9,67,2,1,1,1),(1274,9,68,1,0,1,3),(1275,9,69,2,0,1,0),(1276,9,70,0,2,2,1),(1277,9,71,0,2,2,3),(1278,9,72,2,1,1,3),(1279,12,25,4,0,1,1),(1280,12,26,1,1,0,0),(1281,12,27,2,1,1,3),(1282,12,28,1,0,1,0),(1283,12,29,1,2,2,0),(1284,12,30,0,2,2,3),(1285,20,7,1,0,1,0),(1286,20,8,1,2,2,0),(1287,20,9,3,1,1,1),(1288,20,10,2,1,1,1),(1289,20,11,1,1,0,0),(1290,20,12,2,1,1,1),(1291,20,19,1,2,2,0),(1292,20,20,1,1,0,0),(1293,20,21,1,3,2,1),(1294,20,22,2,1,1,1),(1295,20,23,1,2,2,0),(1296,20,24,3,1,1,0),(1297,25,13,2,1,1,0),(1298,25,14,0,3,2,1),(1299,25,15,5,0,1,1),(1300,25,16,1,2,2,1),(1301,25,17,1,3,2,1),(1302,25,18,4,0,1,1),(1303,25,19,1,1,0,0),(1304,25,20,0,2,2,0),(1305,25,21,2,1,1,0),(1306,25,22,2,0,1,3),(1307,25,23,2,1,1,1),(1308,25,24,1,0,1,0),(1309,25,25,3,1,1,1),(1310,25,26,1,2,2,0),(1311,25,27,3,1,1,1),(1312,25,28,2,0,1,0),(1313,25,29,1,1,0,0),(1314,25,30,0,3,2,1),(1315,25,31,2,1,1,0),(1316,25,32,2,0,1,1),(1317,25,33,2,1,1,1),(1318,25,34,2,0,1,0),(1319,25,35,2,1,1,0),(1320,25,36,0,2,2,1),(1321,25,37,2,0,1,0),(1322,25,38,2,1,1,0),(1323,25,39,1,0,1,0),(1324,25,40,0,2,2,1),(1325,25,41,0,2,2,1),(1326,25,42,1,1,0,3),(1327,6,25,3,1,1,1),(1328,6,26,0,2,2,0),(1329,6,27,2,0,1,1),(1330,6,28,2,1,1,0),(1331,6,29,2,2,0,0),(1332,6,30,1,1,0,0),(1333,6,31,2,1,1,0),(1334,6,32,2,0,1,1),(1335,6,33,2,1,1,1),(1336,6,34,1,2,2,1),(1337,6,35,1,1,0,3),(1338,6,36,0,2,2,1),(1339,6,37,2,1,1,0),(1340,6,38,2,0,1,0),(1341,6,39,2,1,1,0),(1342,6,40,2,1,1,0),(1343,6,41,0,2,2,1),(1344,6,42,1,2,2,0),(1345,6,43,3,0,1,0),(1346,6,44,1,2,2,0),(1347,6,45,4,0,1,3),(1348,6,46,2,0,1,0),(1349,6,47,1,3,2,1),(1350,6,48,1,2,2,0),(1351,6,49,3,1,1,3),(1352,6,50,0,2,2,1),(1353,6,51,3,0,1,3),(1354,6,52,2,2,0,0),(1355,6,53,0,2,2,1),(1356,6,54,2,0,1,1),(1357,6,55,3,0,1,3),(1358,6,56,2,0,1,1),(1359,6,57,2,0,1,3),(1360,6,58,1,1,0,0),(1361,6,59,1,3,2,3),(1362,6,60,1,2,2,0),(1363,6,61,4,0,1,0),(1364,6,62,0,3,2,1),(1365,6,63,3,0,1,1),(1366,6,64,3,1,1,1),(1367,6,65,2,1,1,0),(1368,6,66,2,0,1,1),(1369,6,67,2,0,1,1),(1370,6,68,0,1,2,0),(1371,6,69,2,0,1,0),(1372,6,70,0,2,2,1),(1373,6,71,1,3,2,1),(1374,6,72,2,0,1,1),(1375,27,1,2,0,1,0),(1376,27,2,2,1,1,0),(1377,27,3,2,1,1,0),(1378,27,4,2,2,0,0),(1379,27,5,1,2,2,1),(1380,27,6,0,2,2,0),(1381,27,7,1,1,0,3),(1382,27,8,0,1,2,0),(1383,27,9,2,1,1,1),(1384,27,10,3,1,1,1),(1385,27,11,1,1,0,0),(1386,27,12,2,0,1,1),(1387,12,31,1,1,0,1),(1388,12,32,1,0,1,1),(1389,12,33,2,1,1,1),(1390,12,34,0,2,2,1),(1391,12,35,2,0,1,0),(1392,12,36,0,2,2,1),(1393,12,37,1,0,1,0),(1394,12,38,2,1,1,0),(1395,12,39,3,1,1,0),(1396,12,40,1,2,2,1),(1397,12,41,0,3,2,1),(1398,12,42,1,0,1,0),(1399,27,13,3,0,1,0),(1400,27,14,0,2,2,1),(1401,27,15,4,0,1,1),(1402,27,16,1,1,0,0),(1403,27,17,1,2,2,1),(1404,27,18,2,0,1,1),(1405,27,19,1,1,0,0),(1406,27,20,1,2,2,0),(1407,27,21,1,2,2,1),(1408,27,22,2,0,1,3),(1409,27,23,1,1,0,0),(1410,27,24,2,1,1,0),(1411,27,25,5,0,1,1),(1412,27,26,0,2,2,0),(1413,27,27,3,1,1,1),(1414,27,28,2,0,1,0),(1415,27,29,1,2,2,0),(1416,27,30,0,1,2,1),(1417,27,31,2,2,0,3),(1418,27,32,1,1,0,0),(1419,27,33,2,0,1,1),(1420,27,34,1,2,2,1),(1421,27,35,2,1,1,0),(1422,27,36,1,2,2,1),(1423,27,37,0,1,2,0),(1424,27,38,2,0,1,0),(1425,27,39,2,0,1,0),(1426,27,40,1,1,0,0),(1427,27,41,1,2,2,1),(1428,27,42,1,1,0,3),(1429,27,43,3,0,1,0),(1430,27,44,0,3,2,0),(1431,27,45,4,0,1,3),(1432,27,46,3,0,1,0),(1433,27,47,2,2,0,0),(1434,27,48,0,0,0,3),(1435,27,49,4,0,1,1),(1436,27,50,0,2,2,1),(1437,27,51,3,0,1,3),(1438,27,52,2,1,1,1),(1439,27,53,1,2,2,1),(1440,27,54,1,1,0,0),(1441,27,55,3,0,1,3),(1442,27,56,0,0,0,0),(1443,27,57,3,0,1,1),(1444,27,58,1,2,2,3),(1445,27,59,0,2,2,1),(1446,27,60,1,1,0,1),(1447,27,61,3,0,1,0),(1448,27,62,0,2,2,1),(1449,27,63,2,0,1,1),(1450,27,64,2,0,1,1),(1451,27,65,1,2,2,0),(1452,27,66,2,2,0,0),(1453,27,67,2,2,0,0),(1454,27,68,1,1,0,0),(1455,27,69,3,1,1,0),(1456,27,70,0,2,2,1),(1457,27,71,0,3,2,1),(1458,27,72,3,1,1,1),(1459,7,19,1,2,2,0),(1460,7,20,0,2,2,0),(1461,7,21,2,1,1,0),(1462,7,22,2,0,1,3),(1463,7,23,1,1,0,0),(1464,7,24,2,0,1,0),(1465,28,1,2,0,1,0),(1466,28,2,2,1,1,0),(1467,28,3,1,1,0,3),(1468,28,4,2,1,1,1),(1469,28,5,1,3,2,1),(1470,28,6,0,2,2,0),(1471,28,7,1,1,0,0),(1472,28,8,0,2,2,0),(1473,28,9,2,1,1,1),(1474,28,10,1,1,0,0),(1475,28,11,1,0,1,1),(1476,28,12,1,1,0,0),(1477,28,13,2,2,0,1),(1478,28,14,1,2,2,1),(1479,28,15,3,0,1,3),(1480,28,16,1,2,2,1),(1481,28,17,1,3,2,1),(1482,28,18,2,0,1,1),(1483,28,19,3,1,1,1),(1484,28,20,1,2,2,0),(1485,28,21,1,1,0,0),(1486,28,22,2,0,1,3),(1487,28,23,2,3,2,0),(1488,28,24,2,1,1,0),(1489,28,25,4,0,1,1),(1490,28,26,1,3,2,0),(1491,28,27,3,1,1,1),(1492,28,28,3,1,1,0),(1493,28,29,1,2,2,0),(1494,28,30,1,2,2,1),(1495,28,31,2,2,0,3),(1496,28,32,1,2,2,0),(1497,28,33,2,1,1,1),(1498,28,34,1,2,2,1),(1499,28,35,2,2,0,1),(1500,28,36,1,2,2,1),(1501,28,37,1,0,1,0),(1502,28,38,2,1,1,0),(1503,28,39,3,1,1,0),(1504,28,40,0,3,2,1),(1505,28,41,0,3,2,1),(1506,28,42,2,0,1,0),(1507,28,43,3,0,1,0),(1508,28,44,1,2,2,0),(1509,28,45,2,0,1,1),(1510,28,46,3,0,1,0),(1511,28,47,2,2,0,0),(1512,28,48,1,1,0,1),(1513,28,49,2,1,1,1),(1514,28,50,1,3,2,1),(1515,28,51,3,1,1,1),(1516,28,52,2,1,1,1),(1517,28,53,2,2,0,0),(1518,28,54,2,0,1,1),(1519,28,55,3,1,1,1),(1520,28,56,2,0,1,1),(1521,28,57,2,1,1,1),(1522,28,58,1,1,0,0),(1523,28,59,0,2,2,1),(1524,28,60,1,2,2,0),(1525,28,61,3,1,1,0),(1526,28,62,1,2,2,1),(1527,28,63,3,0,1,1),(1528,28,64,2,1,1,1),(1529,28,65,2,2,0,1),(1530,28,66,1,1,0,0),(1531,28,67,2,1,1,1),(1532,28,68,2,0,1,1),(1533,28,69,1,1,0,1),(1534,28,70,1,2,2,1),(1535,28,71,0,2,2,3),(1536,28,72,1,1,0,0),(1537,18,37,1,1,0,1),(1538,18,38,2,1,1,0),(1539,18,39,1,1,0,1),(1540,18,40,2,0,1,0),(1541,18,41,0,3,2,1),(1542,18,42,1,1,0,3),(1543,18,43,3,0,1,0),(1544,18,44,0,2,2,0),(1545,18,45,2,1,1,1),(1546,18,46,1,1,0,1),(1547,18,47,1,1,0,0),(1548,18,48,1,2,2,0),(1549,18,49,3,1,1,3),(1550,18,50,0,2,2,1),(1551,18,51,2,1,1,1),(1552,18,52,1,0,1,1),(1553,18,53,2,1,1,0),(1554,18,54,2,0,1,1),(1555,18,55,3,1,1,1),(1556,18,56,1,0,1,1),(1557,18,57,2,0,1,3),(1558,18,58,0,2,2,1),(1559,18,59,0,3,2,1),(1560,18,60,2,0,1,0),(1561,18,61,2,0,1,0),(1562,18,62,1,2,2,1),(1563,18,63,3,1,1,1),(1564,18,64,2,0,1,1),(1565,18,65,1,1,0,1),(1566,18,66,0,1,2,0),(1567,18,67,2,0,1,1),(1568,18,68,2,1,1,1),(1569,18,69,3,1,1,0),(1570,18,70,2,0,1,0),(1571,18,71,2,0,1,0),(1572,18,72,1,1,0,0),(1573,7,13,3,1,1,0),(1574,7,14,0,3,2,1),(1575,7,15,4,0,1,1),(1576,7,16,1,2,2,1),(1577,7,17,0,2,2,1),(1578,7,18,3,0,1,1),(1579,7,25,5,0,1,1),(1580,7,26,1,1,0,0),(1581,7,27,2,0,1,1),(1582,7,28,3,0,1,0),(1583,7,29,1,3,2,0),(1584,7,30,1,2,2,1),(1585,7,31,1,2,2,0),(1586,7,32,1,0,1,1),(1587,7,33,2,0,1,1),(1588,7,34,1,2,2,1),(1589,7,35,1,1,0,3),(1590,7,36,1,3,2,3),(1591,7,37,2,0,1,0),(1592,7,38,2,1,1,0),(1593,7,39,2,0,1,0),(1594,7,40,1,1,0,0),(1595,7,41,1,2,2,1),(1596,7,42,0,1,2,0),(1597,7,43,4,0,1,0),(1598,7,44,1,2,2,0),(1599,7,45,2,0,1,1),(1600,7,46,2,0,1,0),(1601,7,47,1,3,2,1),(1602,7,48,1,3,2,0),(1603,7,49,3,1,1,3),(1604,7,50,0,2,2,1),(1605,7,51,2,0,1,1),(1606,7,52,2,2,0,0),(1607,7,53,1,2,2,1),(1608,7,54,2,1,1,1),(1609,7,55,2,0,1,1),(1610,7,56,2,1,1,1),(1611,7,57,3,1,1,1),(1612,7,58,1,1,0,0),(1613,7,59,1,2,2,1),(1614,7,60,1,1,0,1),(1615,7,61,3,1,1,0),(1616,7,62,1,3,2,3),(1617,7,63,2,0,1,1),(1618,7,64,2,1,1,1),(1619,7,65,2,2,0,1),(1620,7,66,1,2,2,0),(1621,7,67,2,1,1,1),(1622,7,68,1,1,0,0),(1623,7,69,3,1,1,0),(1624,7,70,1,2,2,1),(1625,7,71,0,3,2,1),(1626,7,72,2,1,1,3),(1627,20,13,3,1,1,0),(1628,20,14,1,2,2,1),(1629,20,15,3,0,1,3),(1630,20,16,1,1,0,0),(1631,20,17,1,2,2,1),(1632,20,18,2,0,1,1),(1633,25,43,3,0,1,0),(1634,25,44,1,2,2,0),(1635,25,45,2,0,1,1),(1636,25,46,2,0,1,0),(1637,25,47,1,2,2,1),(1638,25,48,1,1,0,1),(1639,25,49,2,1,1,1),(1640,25,50,1,3,2,1),(1641,25,51,3,1,1,1),(1642,25,52,2,1,1,1),(1643,25,53,1,2,2,1),(1644,25,54,2,0,1,1),(1645,25,55,1,1,0,0),(1646,25,56,3,1,1,3),(1647,25,57,2,1,1,1),(1648,25,58,0,2,2,1),(1649,25,59,0,3,2,1),(1650,25,60,1,2,2,0),(1651,25,61,3,0,1,0),(1652,25,62,1,2,2,1),(1653,25,63,3,0,1,1),(1654,25,64,2,1,1,1),(1655,25,65,1,1,0,1),(1656,25,66,2,1,1,1),(1657,25,67,2,1,1,1),(1658,25,68,2,1,1,1),(1659,25,69,2,0,1,0),(1660,25,70,1,2,2,1),(1661,25,71,1,2,2,1),(1662,25,72,2,1,1,3),(1663,12,49,3,1,1,3),(1664,12,50,1,2,2,1),(1665,12,51,2,0,1,1),(1666,12,52,1,0,1,1),(1667,12,53,1,2,2,1),(1668,12,54,1,0,1,1),(1669,12,43,2,1,1,0),(1670,12,44,0,1,2,0),(1671,12,45,3,0,1,1),(1672,12,46,2,1,1,0),(1673,12,47,1,2,2,1),(1674,12,48,1,1,0,1),(1675,20,25,3,2,1,1),(1676,20,26,2,2,0,0),(1677,20,27,2,0,1,1),(1678,20,28,1,2,2,0),(1679,20,29,1,3,2,0),(1680,20,30,2,1,1,0),(1681,20,31,2,2,0,3),(1682,20,32,1,1,0,0),(1683,20,33,1,2,2,0),(1684,20,34,1,2,2,1),(1685,20,35,2,1,1,0),(1686,20,36,1,2,2,1),(1687,20,37,1,1,0,1),(1688,20,38,2,1,1,0),(1689,20,39,3,1,1,0),(1690,20,40,2,1,1,0),(1691,20,41,2,2,0,0),(1692,20,42,2,1,1,0),(1693,20,43,3,0,1,0),(1694,20,44,1,2,2,0),(1695,20,45,3,1,1,1),(1696,20,46,2,0,1,0),(1697,20,47,2,2,0,0),(1698,20,48,0,1,2,0),(1699,20,49,3,1,1,3),(1700,20,50,1,1,0,0),(1701,20,51,2,0,1,1),(1702,20,52,1,2,2,0),(1703,20,53,1,2,2,1),(1704,20,54,3,1,1,1),(1705,20,55,3,1,1,1),(1706,20,56,2,2,0,0),(1707,20,57,3,1,1,1),(1708,20,58,1,3,2,1),(1709,20,59,2,3,2,1),(1710,20,60,2,0,1,0),(1711,20,61,3,1,1,0),(1712,20,62,1,2,2,1),(1713,20,63,3,1,1,1),(1714,20,64,2,1,1,1),(1715,20,65,1,1,0,1),(1716,20,66,2,1,1,1),(1717,20,67,2,2,0,0),(1718,20,68,3,1,1,1),(1719,20,69,2,1,1,0),(1720,20,70,0,3,2,1),(1721,20,71,1,3,2,1),(1722,20,72,1,1,0,0),(1723,12,55,2,1,1,1),(1724,12,56,1,0,1,1),(1725,12,57,1,0,1,1),(1726,12,58,1,2,2,3),(1727,12,59,0,2,2,1),(1728,12,60,1,1,0,1),(1729,12,61,2,1,1,0),(1730,12,62,0,1,2,1),(1731,12,63,2,1,1,1),(1732,12,64,2,1,1,1),(1733,12,65,1,1,0,1),(1734,12,66,1,1,0,0),(1735,12,67,1,0,1,1),(1736,12,68,1,1,0,0),(1737,12,69,3,1,1,0),(1738,12,70,0,1,2,3),(1739,12,71,1,2,2,1),(1740,12,72,1,0,1,1);
/*!40000 ALTER TABLE `predicciones` ENABLE KEYS */;
UNLOCK TABLES;

--
-- Table structure for table `roles`
--

DROP TABLE IF EXISTS `roles`;
/*!40101 SET @saved_cs_client     = @@character_set_client */;
/*!50503 SET character_set_client = utf8mb4 */;
CREATE TABLE `roles` (
  `id` int NOT NULL AUTO_INCREMENT,
  `nombre` varchar(50) NOT NULL,
  PRIMARY KEY (`id`),
  UNIQUE KEY `nombre` (`nombre`)
) ENGINE=InnoDB AUTO_INCREMENT=3 DEFAULT CHARSET=utf8mb4;
/*!40101 SET character_set_client = @saved_cs_client */;

--
-- Dumping data for table `roles`
--

LOCK TABLES `roles` WRITE;
/*!40000 ALTER TABLE `roles` DISABLE KEYS */;
INSERT INTO `roles` VALUES (1,'Administrador'),(2,'Usuario');
/*!40000 ALTER TABLE `roles` ENABLE KEYS */;
UNLOCK TABLES;

--
-- Table structure for table `tabla_posiciones`
--

DROP TABLE IF EXISTS `tabla_posiciones`;
/*!40101 SET @saved_cs_client     = @@character_set_client */;
/*!50503 SET character_set_client = utf8mb4 */;
CREATE TABLE `tabla_posiciones` (
  `id` int NOT NULL AUTO_INCREMENT,
  `usuario_id` int NOT NULL,
  `grupo_id` int NOT NULL,
  `puntos` int DEFAULT NULL,
  `partidos_acertados` int DEFAULT NULL,
  `marcadores_exactos` int DEFAULT NULL,
  `posicion` int DEFAULT NULL,
  PRIMARY KEY (`id`),
  KEY `usuario_id` (`usuario_id`),
  KEY `grupo_id` (`grupo_id`),
  CONSTRAINT `tabla_posiciones_ibfk_1` FOREIGN KEY (`usuario_id`) REFERENCES `usuarios` (`id`),
  CONSTRAINT `tabla_posiciones_ibfk_2` FOREIGN KEY (`grupo_id`) REFERENCES `grupos` (`id`)
) ENGINE=InnoDB DEFAULT CHARSET=utf8mb4;
/*!40101 SET character_set_client = @saved_cs_client */;

--
-- Dumping data for table `tabla_posiciones`
--

LOCK TABLES `tabla_posiciones` WRITE;
/*!40000 ALTER TABLE `tabla_posiciones` DISABLE KEYS */;
/*!40000 ALTER TABLE `tabla_posiciones` ENABLE KEYS */;
UNLOCK TABLES;

--
-- Table structure for table `usuarios`
--

DROP TABLE IF EXISTS `usuarios`;
/*!40101 SET @saved_cs_client     = @@character_set_client */;
/*!50503 SET character_set_client = utf8mb4 */;
CREATE TABLE `usuarios` (
  `id` int NOT NULL AUTO_INCREMENT,
  `nombre` varchar(100) NOT NULL,
  `correo` varchar(120) NOT NULL,
  `password` varchar(255) NOT NULL,
  `rol_id` int DEFAULT NULL,
  `grupo_id` int DEFAULT NULL,
  PRIMARY KEY (`id`),
  UNIQUE KEY `correo` (`correo`),
  KEY `rol_id` (`rol_id`),
  KEY `grupo_id` (`grupo_id`),
  CONSTRAINT `usuarios_ibfk_1` FOREIGN KEY (`rol_id`) REFERENCES `roles` (`id`),
  CONSTRAINT `usuarios_ibfk_2` FOREIGN KEY (`grupo_id`) REFERENCES `grupos` (`id`)
) ENGINE=InnoDB AUTO_INCREMENT=29 DEFAULT CHARSET=utf8mb4;
/*!40101 SET character_set_client = @saved_cs_client */;

--
-- Dumping data for table `usuarios`
--

LOCK TABLES `usuarios` WRITE;
/*!40000 ALTER TABLE `usuarios` DISABLE KEYS */;
INSERT INTO `usuarios` VALUES (1,'Administrador General','admin@admin.com','scrypt:32768:8:1$ubBMJeCRA8j9MxaU$ace85517dd02ab0855c3e29bf9189359a781833f6e7d2a438a7b5349c25474ee08552e56ed5dc2cfdccd772c68bf13e2621263481b0a316bd027c5b64be85c43',1,NULL),(2,'Usuario','usuario@usuario.com','scrypt:32768:8:1$ubBMJeCRA8j9MxaU$ace85517dd02ab0855c3e29bf9189359a781833f6e7d2a438a7b5349c25474ee08552e56ed5dc2cfdccd772c68bf13e2621263481b0a316bd027c5b64be85c43',2,2),(3,'Sebastián Matoma','matoma@gmail.com','scrypt:32768:8:1$yZ8McusfQaoHyzXu$00103673ebab6764aaba884b5723d79cda0e85466ce343a9c9415584d42367e1f7c6ed0c297757b1ae6a3897b28a13c03b3c9709680fbdcfd2f583a93dde7dd3',2,1),(4,'Juan Camilo Ovalle Bejarano ','juankova07@gmail.com','scrypt:32768:8:1$NAjDvXykmu3am8DY$918bef98167cce7888486b1cbd9b3000574fda77c5ca509c6b6256f3ffcb05b816e4fe63c8d12e116950f779a5088dfa864d8f9de9c86ff7a3b6f71c9ff417d0',2,1),(5,'Pedro Pablo Torres Leyton','Pablotl1986@gmail.com','scrypt:32768:8:1$5g7TjOYROZbBgNXa$4123c1a5d8c2f61f4f96c9d782350a7223b4f28d94447d89dec513d466d4cfb00ccc4ebe5e8fe35df2667400ee1dcbbb5acc4d830347026fed8b55a71cec9bd2',2,1),(6,'jonathan laguna','jonathan.laguna@hotmail.com','scrypt:32768:8:1$fP5EGcOBVO3Gh7ib$4dc7cf6d595ef2d650df869fc7df6fbd36490c51ed754f9e96bc5ea277fd91ef2b5b64f92aa11271160923a835b5ff4acd8d4b57c583df601a711dedd7fdf5a4',2,1),(7,'FELIPE PRIETO ','felipeprieto0208@gmail.com','scrypt:32768:8:1$aJOk01xgVQk4kF5J$e3ad59ca09bcefaf795b462e7a340b9af7a2907bc5503f4a5be7eccce5b2bf68bd03b236f60c73b3d2731a5dbcb9cb6b6b3824269c311d33ba5aaa4596e623fe',2,1),(8,'Jairo Correa','jairoed@hotmail.com','scrypt:32768:8:1$Ihz7bXhNt0roARYg$9b3038daa91b7afac55489c37577db7594bc26942a1534d4f74b6385f53df6cf1da315a5d54effb7d32c4eb630993a2dde5215c78de97342bcb0a9baf3223335',2,1),(9,'Hillary Piraban','hpirabanp01@gmail.com','scrypt:32768:8:1$joz04GcxnOBJci3U$b315afc50bf745fdd8e9f7bd6dfb245262fd8557dc80bfcf639072656e232c20b896ad4606218cb93023cd96ccaa0cb0a7bb1cb6470d59c02a8d27da48ef7df6',2,1),(10,'D.GODOY','godoyrdaniel@hotmail.com','scrypt:32768:8:1$UemA7E4SBvyvqdAz$67dc41de3751fe835d6a44636ff8f7248afbb95b263c47a61fb855a18a221d01c963045dc4867c3ca5db46a9c7face3126efa8640d7508be269ab3778c7202d6',2,1),(11,'Felipe Ramirez','andres-ramirez1@hotmail.com','scrypt:32768:8:1$Pgmewu4BkdKW3R4L$d3a73bbd60ba4ed6691fef73748d6ec2b0b9bac55634da6b0656e4d529637817ca462ca5037b8593d6138d22ced70317d06febe7ee6afb944fc3ef658878672e',2,1),(12,'Fredi Tequia','freditequiac@gmail.com','scrypt:32768:8:1$oYWd2QzT5PyFfVCn$e6f7a992ae41dc3332194a1b7f5c9af361dcf0468e22dd6a07a8b6354330de573a77901b741fe5cbe069ef4a5ca27e0c21df40711f08cf25428cebb0b52f4e0c',2,1),(13,'Harol suarez','haroldanielsuarezreyes@gmail.com','scrypt:32768:8:1$KYom80KEUjpe0ZIb$5ffff7b3835da114bd533d300bd111f6183f6f3427671e9c73d73df2cdfc8653f39ca2430c287c644dfc0b651f3ffd4f7b45c53a0aee63ea1d630b38ab80a2eb',2,1),(14,'Jeison Camilo Rivera Peña','jcrivera9812@gmail.com','scrypt:32768:8:1$SJMSY7bVPpnxoKvv$fc84e898e7a0bf813a0d3c25c537d019d251c2d5d4ed43f17b554bee7c3e261c8e484f96eff74fc671dffa2e0477e5fb47e3500e2448f13c3b7a834732b575b4',2,1),(15,'Álvaro Meneses Salcedo ','alvaromeneses270@gmail.com','scrypt:32768:8:1$yJSh20E9SeK8Vj1L$aa33f465e269996ad79abc437074113712b869eb65a17842b57b779145a26515dc6f46f40f733bfda61bcfb4682b0db897a8ccaf2cae87961ceb2220e0895e1f',2,1),(16,'Oscar Serrato ','osc_serrato@hotmail.com','scrypt:32768:8:1$CpsqjfhQj5hKIrIT$da9b2464295b29c8e6a390caebddd393e0a56302db2f8e608acdf8dc85dacd0159c0aeb27081a50adb01e3abf3fc10be319ad91bb66a21dd79fcf7e41999f89c',2,1),(17,'Sergio Ovalle ','sergioandresovalle@gmail.com','scrypt:32768:8:1$79tzgFAVVnzjG0T0$480e18a8681c3e6e7729c20f1776961a6e86536cd85823e748477d5b261a9717ed246dfee36c57963057641246fe11eb0add7bada1381372fdfb79307566b583',2,1),(18,'Daniela Ovalle ','danielaramirez488@gmail.com','scrypt:32768:8:1$XbX1b5r28fB8HRjx$31238505bf83dff6ee61f8d3c51102c41ecdfd371a547de8cf151a05f7c817e9197df693a6ea6c87fe5330e367a647d6e0cd03924afb10225cefa70259759811',2,1),(19,'Jhon Garzon','jhonalex.inversiones@gmail.com','scrypt:32768:8:1$6IN0S6GoRFnA8Dh5$9018512b62d44fa182f7c98622265c8b29a25c08c4c2e9180af953662dbf0c5bd57ea564e66bcceacc51866ef21b088ada8d250e9dc5e70c0e3fe09161b7d125',2,1),(20,'Juan Romero','juancho1619@hotmail.com','scrypt:32768:8:1$R4AEf0szyE50fIPq$be6ac15432aa075857bf4000bcf578447b29c14845ce008f7c7ee6be951724b69b62cd999bd62ae869b48099602a264956032cad970afa9896c3b8438ed4dda0',2,1),(25,'Fabio Andres Herrera millan','fandresherrera1@hotmail.com','scrypt:32768:8:1$0PhRPoYY5pEtVgLj$cc2d54841b1ad84427896c74894fccd6873224040ad089eaf8df3e00311cc7d88ae7440e061fb76903ccc31fb261fc4b85d7c433047d0112714e04b665759b39',2,1),(26,'Jose cortes ','josemartin1969z@gmail.com','scrypt:32768:8:1$Qddfufeo6vVfj6HD$1a9a52b3b01f19163c0bd229d1ec5cbd4c6a70ac3b8f3bdbae51f5b966e7ab70602f1d41df869945d551eed0014c7e475a5eeb3832815004d21fd4e0f2df2999',2,1),(27,'Alejandro Huertas ','alejo1922.12@gmail.com','scrypt:32768:8:1$y9xXMY7QCatIBK5o$345db1916ad0d4ffb35adfc4957d4a34afe3d4c2702e02326140eed199bae5a6343de2939af3cc4d24ec7900a47c3039302c7ac26ac407d6cbd867497b3ba6ea',2,1),(28,'Aurelio Rodríguez ','maxiariasleon2017@gmail.com','scrypt:32768:8:1$1Duub91dzZMh3rx1$75b7672b98bb1c82bc9756454c85eb147855d49c558ce99f0f24b8227525e65d7dfad8a55d616e479512f21b20510fa4fda30c7cbb51afa8f4e159cd36442387',2,1);
/*!40000 ALTER TABLE `usuarios` ENABLE KEYS */;
UNLOCK TABLES;
/*!40103 SET TIME_ZONE=@OLD_TIME_ZONE */;

/*!40101 SET SQL_MODE=@OLD_SQL_MODE */;
/*!40014 SET FOREIGN_KEY_CHECKS=@OLD_FOREIGN_KEY_CHECKS */;
/*!40014 SET UNIQUE_CHECKS=@OLD_UNIQUE_CHECKS */;
/*!40101 SET CHARACTER_SET_CLIENT=@OLD_CHARACTER_SET_CLIENT */;
/*!40101 SET CHARACTER_SET_RESULTS=@OLD_CHARACTER_SET_RESULTS */;
/*!40101 SET COLLATION_CONNECTION=@OLD_COLLATION_CONNECTION */;
/*!40111 SET SQL_NOTES=@OLD_SQL_NOTES */;

-- Dump completed on 2026-07-23 16:21:56
